,tweet_created_at,username,tweets,replied_to
13,2021-04-11 06:20:10,AishaAbdulGhaf5,b'@Shafqat_Mahmood Sir vehari n\nMe itny cases hai covid 19 k deatb b ho rhi kafi teachers ko b corona meri b tbyt khrb',Shafqat_Mahmood
31,2021-04-11 06:19:46,anini_anunu,b'@kumparan #BersamaKitaVaksin\n\nIndonesia lawan covid-19 \xf0\x9f\x92\xaa34',kumparan
32,2021-04-11 06:19:40,anini_anunu,b'@kumparan #BersamaKitaVaksin\n\nIndonesia lawan covid-19 \xf0\x9f\x92\xaa33',kumparan
33,2021-04-11 06:19:35,anini_anunu,b'@kumparan #BersamaKitaVaksin\n\nIndonesia lawan covid-19 \xf0\x9f\x92\xaa32',kumparan
36,2021-04-11 06:19:29,anini_anunu,b'@kumparan #BersamaKitaVaksin\n\nIndonesia lawan covid-19 \xf0\x9f\x92\xaa31',kumparan
38,2021-04-11 06:19:24,anini_anunu,b'@kumparan #BersamaKitaVaksin\n\nIndonesia lawan covid-19 \xf0\x9f\x92\xaa30',kumparan
40,2021-04-11 06:19:12,anini_anunu,b'@kumparan #BersamaKitaVaksin\n\nIndonesia lawan covid-19 \xf0\x9f\x92\xaa29',kumparan
42,2021-04-11 06:19:06,anini_anunu,b'@kumparan #BersamaKitaVaksin\n\nIndonesia lawan covid-19 \xf0\x9f\x92\xaa28',kumparan
45,2021-04-11 06:19:01,anini_anunu,b'@kumparan #BersamaKitaVaksin\n\nIndonesia lawan covid-19 \xf0\x9f\x92\xaa27',kumparan
46,2021-04-11 06:18:55,anini_anunu,b'@kumparan #BersamaKitaVaksin\n\nIndonesia lawan covid-19 \xf0\x9f\x92\xaa26',kumparan
50,2021-04-11 06:18:50,anini_anunu,b'@kumparan #BersamaKitaVaksin\n\nIndonesia lawan covid-19 \xf0\x9f\x92\xaa25',kumparan
54,2021-04-11 06:18:45,anini_anunu,b'@kumparan #BersamaKitaVaksin\n\nIndonesia lawan covid-19 \xf0\x9f\x92\xaa24',kumparan
55,2021-04-11 06:18:41,Sajidkh24089896,b'@Shafqat_Mahmood shapqat saab nehayat hi kam zarf insan ho covid -19 keh keh k hamara pura saal chutyun se malamal\xe2\x80\xa6 https://t.co/Oo2OjBLNAQ',Shafqat_Mahmood
56,2021-04-11 06:18:39,anini_anunu,b'@kumparan #BersamaKitaVaksin\n\nIndonesia lawan covid-19 \xf0\x9f\x92\xaa23',kumparan
63,2021-04-11 06:18:34,anini_anunu,b'@kumparan #BersamaKitaVaksin\n\nIndonesia lawan covid-19 \xf0\x9f\x92\xaa22',kumparan
68,2021-04-11 06:18:29,anini_anunu,b'@kumparan #BersamaKitaVaksin\n\nIndonesia lawan covid-19 \xf0\x9f\x92\xaa21',kumparan
74,2021-04-11 06:18:18,anini_anunu,b'@kumparan #BersamaKitaVaksin\n\nIndonesia lawan covid-19 \xf0\x9f\x92\xaa20',kumparan
79,2021-04-11 06:18:04,anini_anunu,b'@kumparan #BersamaKitaVaksin\n\nIndonesia lawan covid-19 \xf0\x9f\x92\xaa19',kumparan
82,2021-04-11 06:17:59,anini_anunu,b'@kumparan #BersamaKitaVaksin\n\nIndonesia lawan covid-19 \xf0\x9f\x92\xaa18',kumparan
86,2021-04-11 06:17:53,anini_anunu,b'@kumparan #BersamaKitaVaksin\n\nIndonesia lawan covid-19 \xf0\x9f\x92\xaa17',kumparan
89,2021-04-11 06:17:47,anini_anunu,b'@kumparan #BersamaKitaVaksin\n\nIndonesia lawan covid-19 \xf0\x9f\x92\xaa16',kumparan
90,2021-04-11 06:17:47,Amall_AN,"b'@dr_koko28 Bukan esensinya dok, tapi kalau Dimata telanjang melihat bahwa Covid-19 itu seperti sebuah Dagelan polit\xe2\x80\xa6 https://t.co/E2JbcJIs5G'",dr_koko28
91,2021-04-11 06:17:41,anini_anunu,b'@kumparan #BersamaKitaVaksin\n\nIndonesia lawan covid-19 \xf0\x9f\x92\xaa15',kumparan
94,2021-04-11 06:17:36,anini_anunu,b'@kumparan #BersamaKitaVaksin\n\nIndonesia lawan covid-19 \xf0\x9f\x92\xaa14',kumparan
97,2021-04-11 06:17:30,anini_anunu,b'@kumparan #BersamaKitaVaksin\n\nIndonesia lawan covid-19 \xf0\x9f\x92\xaa13',kumparan
99,2021-04-11 06:17:24,anini_anunu,b'@kumparan #BersamaKitaVaksin\n\nIndonesia lawan covid-19 \xf0\x9f\x92\xaa12',kumparan
101,2021-04-11 06:17:18,anini_anunu,b'@kumparan #BersamaKitaVaksin\n\nIndonesia lawan covid-19 \xf0\x9f\x92\xaa11',kumparan
102,2021-04-11 06:17:13,anini_anunu,b'@kumparan #BersamaKitaVaksin\n\nIndonesia lawan covid-19 \xf0\x9f\x92\xaa10',kumparan
114,2021-04-11 06:16:57,anini_anunu,b'@kumparan #BersamaKitaVaksin\n\nIndonesia lawan covid-19 \xf0\x9f\x92\xaa9',kumparan
117,2021-04-11 06:16:52,anini_anunu,b'@kumparan #BersamaKitaVaksin\n\nIndonesia lawan covid-19 \xf0\x9f\x92\xaa8',kumparan
122,2021-04-11 06:16:37,anini_anunu,b'@kumparan #BersamaKitaVaksin\n\nIndonesia lawan covid-19 \xf0\x9f\x92\xaa7',kumparan
126,2021-04-11 06:16:32,anini_anunu,b'@kumparan #BersamaKitaVaksin\n\nIndonesia lawan covid-19 \xf0\x9f\x92\xaa6',kumparan
129,2021-04-11 06:16:26,anini_anunu,b'@kumparan #BersamaKitaVaksin\n\nIndonesia lawan covid-19 \xf0\x9f\x92\xaa5',kumparan
131,2021-04-11 06:16:19,anini_anunu,b'@kumparan #BersamaKitaVaksin\n\nIndonesia lawan covid-19 \xf0\x9f\x92\xaa4',kumparan
133,2021-04-11 06:16:14,anini_anunu,b'@kumparan #BersamaKitaVaksin\n\nIndonesia lawan covid-19 \xf0\x9f\x92\xaa3',kumparan
137,2021-04-11 06:16:08,anini_anunu,b'@kumparan #BersamaKitaVaksin\n\nIndonesia lawan covid-19 \xf0\x9f\x92\xaa2',kumparan
140,2021-04-11 06:16:00,anini_anunu,b'@kumparan #BersamaKitaVaksin\n\nIndonesia lawan covid-19 \xf0\x9f\x92\xaa1',kumparan
154,2021-04-11 06:15:23,adnin63690080,"b'@kosmo_online Jika benarkan rentas negeri, mungkin merancak lagi penularan Covid-19 tersebut  @KKMPutrajaya https://t.co/a9cGAPdGd7'",kosmo_online
320,2021-04-11 06:07:06,Yuliant98365137,b'Relawan Desa Aman Covid-19 Desa Ulak lebar kecamatan lahat.kabupaten lahat provinsi sumatera selatan.\n\n@A Halim Isk\xe2\x80\xa6 https://t.co/86OOtTkW8X',Yuliant98365137
339,2021-04-11 06:05:57,ferdymad,"b'@drpriono1 @KemenkesRI @BudiGSadikin Benar, sehrsnya Menteri @kemendagri aktif membantu dalam penanganan wabah Covi\xe2\x80\xa6 https://t.co/nzNWaGGZZA'",drpriono1
368,2021-04-11 06:03:42,BinoBoy8,b'@katzen_jammer https://t.co/Qfv6M068lv\n\nLagi pake agama agar Isu Covid dan Vaksin gak hilang. \xf0\x9f\x98\x82\nAgama dipake sesuai kebutuhan aja.',katzen_jammer
385,2021-04-11 06:02:35,H2FAA,b'@rudeski83 @DonAdam68 Memangnya perjalanan sebelum masuk Bandara menjamin semua penumpang yg negatif rapid test ste\xe2\x80\xa6 https://t.co/A2WLsFnBHb',rudeski83
468,2021-04-11 05:57:44,Anak_Senja90,"b'Salah satu dampak menaati larangan mudik adalah turunnya kasus Covid-19 di Tanah Air. Kalau kebijakan ini berhasil,\xe2\x80\xa6 https://t.co/KZCyjzJ2FB'",Anak_Senja90
469,2021-04-11 05:57:43,Anak_Senja90,b'Menurunkan kasus Covid-19 amat penting untuk mempercepat pemulihan ekonomi Tanah Air. Karena itu pemerintah kembali\xe2\x80\xa6 https://t.co/YOLeFjuPkv',Anak_Senja90
471,2021-04-11 05:57:43,Anak_Senja90,b'Sebaiknya kita menaati larangan mudik tahun ini agar tahun depan kita bebas ke mana saja karena angka transmisi Cov\xe2\x80\xa6 https://t.co/FZyX4BKCMy',Anak_Senja90
472,2021-04-11 05:57:42,Anak_Senja90,b'Jangan memaksakan mudik dan malah ikut menyumbang lonjakan kasus baru yg tinggi. Peniadaan mudik ini dimaksudkan un\xe2\x80\xa6 https://t.co/rG7BRMhhx6',Anak_Senja90
473,2021-04-11 05:57:41,Anak_Senja90,"b'Tujuan utama larangan mudik adalah menekan penyebaran virus. Sebab, jika Covid-19 terus menyebar &amp; pandemi tidak ku\xe2\x80\xa6 https://t.co/NxE33wkffs'",Anak_Senja90
475,2021-04-11 05:57:40,Anak_Senja90,"b'Masyarakat perlu menaati larangan mudik agar pandemi cepat usai. Krn kalau angka kasus baru Covid-19 turun, tahun d\xe2\x80\xa6 https://t.co/tgtfyIUsSD'",Anak_Senja90
476,2021-04-11 05:57:38,Anak_Senja90,"b'Tahun ini Pemerintah kembali melarang mudik. Kebijakan ini bertujuan utk mnekn penyebaran Covid-19 di Indonesia, se\xe2\x80\xa6 https://t.co/nZnwCSGMae'",Anak_Senja90
477,2021-04-11 05:57:37,Anak_Senja90,b'Menaati larangan mudik tahun ini akan membantu menurunkan angka kasus Covid-19 di Indonesia. Jika kebijakan ini ber\xe2\x80\xa6 https://t.co/87aL8cJRR4',Anak_Senja90
478,2021-04-11 05:57:37,Anak_Senja90,"b'Data menunjukkan, kenaikan kasus Covid-19 biasanya melonjak pascalibur panjang. Karena itulah pemerintah mengeluark\xe2\x80\xa6 https://t.co/52aqxoBKuz'",Anak_Senja90
479,2021-04-11 05:57:36,Anak_Senja90,b'Larangan mudik merupakan langkah mengantisipasi lonjakan kasus penularan covid-19. Jika kasus Covid-19 di Indonesia\xe2\x80\xa6 https://t.co/h7MVTK7yks',Anak_Senja90
481,2021-04-11 05:57:35,Anak_Senja90,"b'Kalau kita tahun ini menaati larangan mudik, bisa jadi tahun depan Pemerintah tidak lagi membatasi mobilitas krn an\xe2\x80\xa6 https://t.co/Sjzd2LMRP2'",Anak_Senja90
482,2021-04-11 05:57:35,Anak_Senja90,"b'Pemerintah mengeluarkan larangan mudik untuk mencegah lonjakan kasus penularan Covid-19, terutama bagi kelompok lan\xe2\x80\xa6 https://t.co/LYmgBqGTPb'",Anak_Senja90
486,2021-04-11 05:57:33,AlbertSolo2,"b'@MandorBohirIII Langsung di antar ke kampung halaman TKI tersebut, namun mereka harus bebas Covid-19'",MandorBohirIII
499,2021-04-11 05:57:06,AchuNadia,b'@unarosdi Jepun pun dah ambil langkah berjaga-jaga. \n\nJepun takut akan ada varian baru COVID-19 yang boleh cetuskan\xe2\x80\xa6 https://t.co/5CtTr3wt7d',unarosdi
580,2021-04-11 05:52:38,AchuNadia,"b'@mdazrinmdnazri Maaf, baru perasan. \n\nBerita mengenai gelombang ke - 4 COVID-19 di Hong Kong pada January 2021. \n\nhttps://t.co/Exq1fkcJ4P'",mdazrinmdnazri
603,2021-04-11 05:51:06,MurebimanaD,b'@NyaruguruDistr @RwandaSouth @GashemaJanvier @RwandaHealth @RwandaLocalGov @gatjmv @RBCRwanda Covid 19 tuzayihashya\xe2\x80\xa6 https://t.co/qvg14GJn8X',NyaruguruDistr
651,2021-04-11 05:48:29,MasigeFm,"b'@HildaNewton21 Covid 19 uwezo wanao ila hawajiamin, bendera fata upepo, so wote ni wasaka fursa.'",HildaNewton21
749,2021-04-11 05:43:38,fatinnuraishah_,"b'@HausofHilton Boleh jugak check di apps Mysejahtera. Pi home lepastu pilih Covid-19 vaccination, then tekan yang no\xe2\x80\xa6 https://t.co/rGRZyfqXzh'",HausofHilton
752,2021-04-11 05:43:27,hisapm66,b'@Qomarudin80 @halimiskandarnu @imansyukri @malik_haramain @taufikmadjid71 @yusradaridesa @tppkemendes\xe2\x80\xa6 https://t.co/RghcQ8vpme',Qomarudin80
760,2021-04-11 05:43:04,ArraMyra,b'@hmetromy Bazar ramadhan xda ..tp kedai2 still boleh dibuka...semoga kita semua dilindungi dr covid 19',hmetromy
768,2021-04-11 05:42:42,Ramdhan_NH,b'@seseagul Ada Covid-19 yang dilupakan.',seseagul
778,2021-04-11 05:42:05,KMK_UG,"b'ke link iniii \nhttps://t.co/trievwNHmA \nAtau kalau temen-temen mau nanya-nanya dulu, bisa banget ngehubungin CP dib\xe2\x80\xa6 https://t.co/spJQR75UpA'",KMK_UG
787,2021-04-11 05:41:52,yanajz10cey,b'@Lindahayati17 @untung_ah @halimiskandarnu @imansyukri @malik_haramain @taufikmadjid71 @rosyidah @yusradaridesa\xe2\x80\xa6 https://t.co/0bkI4CyZhd',Lindahayati17
860,2021-04-11 05:37:50,KISSHotInfo,b'Surat Edaran Satgas Covid- 19 Nomor 6/2021 tentang Protokol Kesehatan Perjalanan Internasional dalam masa pandemi C\xe2\x80\xa6 https://t.co/tcLE5IS1Xw',KISSHotInfo
877,2021-04-11 05:37:19,KISSHotInfo,b'agar meningkatkan optimalisasi fungsi Posko Covid-19 sesuai wilayah kerja masing-masing. \n\n\xe2\x80\x9cHal tersebut sesuai den\xe2\x80\xa6 https://t.co/jQ2InCGwGW',KISSHotInfo
899,2021-04-11 05:36:27,pahang_media,b'Ahli juga boleh ke mana-mana cawangan KWSP berdekatan lain yang masih beroperasi seperti biasa atau lakukan transak\xe2\x80\xa6 https://t.co/we4h8QuQAJ',pahang_media
925,2021-04-11 05:35:35,ustazzorro,b'@mkini_bm Zaman covid-19 kalau kurang sihat (demam) masuk kena check temp dulu.Kalau temp ok boleh masuk tp lebih b\xe2\x80\xa6 https://t.co/8DgrRNCrNB',mkini_bm
928,2021-04-11 05:35:29,KISSHotInfo,"b'dan pribadi di pintu masuk dan pintu keluar antar-provinsi/kabupaten/kota, sesuai Surat Edaran Ketua Satgas Penanga\xe2\x80\xa6 https://t.co/bN9g8HcD5E'",KISSHotInfo
937,2021-04-11 05:34:59,KISSHotInfo,"b'dan Informasi Satgas Penanganan Covid-19 Sumut, di Posko Satgas Covid-19 Sumut, Jalan Pangeran Diponegoro, Medan, M\xe2\x80\xa6 https://t.co/Du6xNKGbcJ'",KISSHotInfo
962,2021-04-11 05:33:53,KISSHotInfo,b'Bulan Suci Ramadan dan Hari Raya Idulfitri.\n\nSE Nomor : 1009/SPT-COVID-19/IV/2021 tertanggal 9 April 2021 tersebut\xe2\x80\xa6 https://t.co/bTvEKvYpy4',KISSHotInfo
1010,2021-04-11 05:32:37,KAI121,"b'@FulanMcBastard Untuk saat ini, Sesuai Surat Edaran Menteri Perhubungan No. 27 tahun 2021 dan Surat Edaran Satuan T\xe2\x80\xa6 https://t.co/Q4M24CsSlc'",FulanMcBastard
1102,2021-04-11 05:29:11,kkpgoid,"b'Hantaman pandemi Covid-19, turut menekan kondisi ekonomi masyarakat Desa Tlogoweru. Konon, pertengahan tahun 2016,\xe2\x80\xa6 https://t.co/C45jcPnEEk'",kkpgoid
1115,2021-04-11 05:28:43,irwansyahshi234,b'@Bambang56014393 Kita jaga desa dengan relawan covid 19 desa bersih covid 19',Bambang56014393
1159,2021-04-11 05:27:05,Dewikomala94,b'@geloraco Covid 19 berlaku hanya pada manusia..?',geloraco
1160,2021-04-11 05:27:04,mang_ib,b'\xe2\x80\x9cSesuai\xc2\xa0 Surat Edaran Satgas Penanganan Covid-19 No. 12 Tahun 2021 dan Surat Edaran Kementerian Perhubungan No. 27\xe2\x80\xa6 https://t.co/vitVk3AbZ1',mang_ib
1162,2021-04-11 05:27:03,mang_ib,b'KAI memberikan alternatif bagi para calon pelanggan kereta api yang ingin melakukan pemeriksaan atau screening Covi\xe2\x80\xa6 https://t.co/IcrtgsRUoP',mang_ib
1205,2021-04-11 05:25:17,kobisitu,"b'@IsmailSabri60 perhebat, perkasa, penjana, penzina, penipu\n\nVeteran usang ni bila kali terakhir buat PC Covid-19?'",IsmailSabri60
1214,2021-04-11 05:24:50,pikobar_jabar,b'5. Dapatkan informasi lengkap perkembangan COVID-19 di Jawa Barat melalui website https://t.co/hjvQjN7TAV atau inst\xe2\x80\xa6 https://t.co/wrtV6umEJY',pikobar_jabar
1217,2021-04-11 05:24:48,pikobar_jabar,b'2. Update jumlah pengetesan Covid-19 di Jawa Barat: 1.597.643\nRDT: 455.175\nPCR: 1.142.468\n\n3. Dari level kewaspadaa\xe2\x80\xa6 https://t.co/KJHoZgmOJt',pikobar_jabar
1353,2021-04-11 05:17:48,KAI121,b'@creamynals Selamat siang. Calon penumpang dapat menunjukkan surat keterangan negatif covid-19 berdasarkan GeNose t\xe2\x80\xa6 https://t.co/Wu9Ct6AO4B',creamynals
1370,2021-04-11 05:17:23,mang_ib,b'pun melansir Peraturan Menteri Perhubungan Republik Indonesia Nomor PM 13 Tahun 2021 tentang Pengendalian Transport\xe2\x80\xa6 https://t.co/Ul3PRxxvpd',mang_ib
1498,2021-04-11 05:11:26,klobility,"b'KOPTUL memiliki mimpi ingin membuka cabang di seluruh Indonesia, sehingga mampu memberdayakan teman-teman Tuli dan\xe2\x80\xa6 https://t.co/SCK8II7jvD'",klobility
1520,2021-04-11 05:10:41,Japhetmmbaga3,"b'@CirilKimat @MariaSTsehai Mungu hakupi majanga mawili kwa pamoja, wakati dunia ikiteswa sana na Covid 19 sisi tukiteswa na hilo janga letu.'",CirilKimat
1603,2021-04-11 05:06:35,isyaisyo,"b'@AREAJULID Kata orang, Covid-19 udah kehilangan harga dirinya sejak pernikahanAtta Gledek.. Sad :('",AREAJULID
1675,2021-04-11 05:02:19,ZahidiZainuI,"b'Pada majlis berkenaan juga risalah berkenaan norma baharu dalam komuniti, langkah mudah pendaftaran vaksinasi MySej\xe2\x80\xa6 https://t.co/Xbf0g3qIWC'",ZahidiZainuI
1743,2021-04-11 04:59:13,officialgeomass,b'\xf0\x9f\x93\x8c Para pelajar dinasihatkan supaya sentiasa mematuhi SOP yang telah ditetapkan oleh pihak Universiti untuk mengawal\xe2\x80\xa6 https://t.co/gPM3IWrVui',officialgeomass
1814,2021-04-11 04:54:53,HanggaraSherly,b'@PolsekBandar86 Sobat Polri jangan lupa untuk selalu mematuhi protokol kesehatan saat beraktivitas di luar rumah se\xe2\x80\xa6 https://t.co/JagYW1rYS7',PolsekBandar86
1818,2021-04-11 04:54:48,HanggaraSherly,b'@PolsekBandar86 Sobat Polri jangan lupa untuk selalu mematuhi protokol kesehatan saat beraktivitas di luar rumah se\xe2\x80\xa6 https://t.co/miTOlksBeX',PolsekBandar86
1819,2021-04-11 04:54:44,HanggaraSherly,b'@PolsekBandar86 Sobat Polri jangan lupa untuk selalu mematuhi protokol kesehatan saat beraktivitas di luar rumah se\xe2\x80\xa6 https://t.co/zWVmCT0mJh',PolsekBandar86
1831,2021-04-11 04:53:57,HanggaraSherly,b'@PolsekBandar86 AYO PAKAI MASKER! \n\nPandemi Covid-19 hingga saat ini belum juga berakhir.\nKedisiplinan dan kesadara\xe2\x80\xa6 https://t.co/zGy50YA3Mr',PolsekBandar86
1833,2021-04-11 04:53:53,HanggaraSherly,b'@PolsekBandar86 AYO PAKAI MASKER! \n\nPandemi Covid-19 hingga saat ini belum juga berakhir.\nKedisiplinan dan kesadara\xe2\x80\xa6 https://t.co/YiVILOZpSy',PolsekBandar86
1835,2021-04-11 04:53:48,HanggaraSherly,b'@PolsekBandar86 AYO PAKAI MASKER! \n\nPandemi Covid-19 hingga saat ini belum juga berakhir.\nKedisiplinan dan kesadara\xe2\x80\xa6 https://t.co/BCZdubdHq0',PolsekBandar86
1839,2021-04-11 04:53:36,HanggaraSherly,b'@PolsekBandar86 AYO PAKAI MASKER! \n\nPandemi Covid-19 hingga saat ini belum juga berakhir.\nKedisiplinan dan kesadara\xe2\x80\xa6 https://t.co/l9DmNJ7YYx',PolsekBandar86
1843,2021-04-11 04:53:31,HanggaraSherly,b'@PolsekBandar86 AYO PAKAI MASKER! \n\nPandemi Covid-19 hingga saat ini belum juga berakhir.\nKedisiplinan dan kesadara\xe2\x80\xa6 https://t.co/cd90PYQJfS',PolsekBandar86
1845,2021-04-11 04:53:26,HanggaraSherly,b'@PolsekBandar86 AYO PAKAI MASKER! \n\nPandemi Covid-19 hingga saat ini belum juga berakhir.\nKedisiplinan dan kesadara\xe2\x80\xa6 https://t.co/gTZTBl1YeI',PolsekBandar86
1861,2021-04-11 04:52:52,HanggaraSherly,b'@PolsekBandar86 Sobat Polri jangan lupa untuk selalu mematuhi protokol kesehatan saat beraktivitas di luar rumah se\xe2\x80\xa6 https://t.co/HBWcFwbgCU',PolsekBandar86
1865,2021-04-11 04:52:44,HanggaraSherly,b'@PolsekBandar86 Sobat Polri jangan lupa untuk selalu mematuhi protokol kesehatan saat beraktivitas di luar rumah se\xe2\x80\xa6 https://t.co/GSQ8HZZPKw',PolsekBandar86
1866,2021-04-11 04:52:40,HanggaraSherly,b'@PolsekBandar86 Sobat Polri jangan lupa untuk selalu mematuhi protokol kesehatan saat beraktivitas di luar rumah se\xe2\x80\xa6 https://t.co/Uw2oBnKWAl',PolsekBandar86
1870,2021-04-11 04:52:36,HanggaraSherly,b'@PolsekBandar86 Sobat Polri jangan lupa untuk selalu mematuhi protokol kesehatan saat beraktivitas di luar rumah se\xe2\x80\xa6 https://t.co/Xw7cnVtuiU',PolsekBandar86
1872,2021-04-11 04:52:32,HanggaraSherly,b'@PolsekBandar86 Sobat Polri jangan lupa untuk selalu mematuhi protokol kesehatan saat beraktivitas di luar rumah se\xe2\x80\xa6 https://t.co/Zlmc9Rtw1O',PolsekBandar86
1875,2021-04-11 04:52:27,HanggaraSherly,b'@PolsekBandar86 Sobat Polri jangan lupa untuk selalu mematuhi protokol kesehatan saat beraktivitas di luar rumah se\xe2\x80\xa6 https://t.co/C4X3gfZsYz',PolsekBandar86
1900,2021-04-11 04:51:09,RichadatulA,b'@PolsekBandar86 AYO PAKAI MASKER! \n\nPandemi Covid-19 hingga saat ini belum juga berakhir.\nKedisiplinan dan kesadara\xe2\x80\xa6 https://t.co/QMRqPVYItH',PolsekBandar86
1904,2021-04-11 04:51:05,RichadatulA,b'@PolsekBandar86 AYO PAKAI MASKER! \n\nPandemi Covid-19 hingga saat ini belum juga berakhir.\nKedisiplinan dan kesadara\xe2\x80\xa6 https://t.co/S9qPl3sIi0',PolsekBandar86
1906,2021-04-11 04:50:54,RichadatulA,b'@PolsekBandar86 AYO PAKAI MASKER! \n\nPandemi Covid-19 hingga saat ini belum juga berakhir.\nKedisiplinan dan kesadara\xe2\x80\xa6 https://t.co/AIcOxbHVpJ',PolsekBandar86
1907,2021-04-11 04:50:49,RichadatulA,b'@PolsekBandar86 AYO PAKAI MASKER! \n\nPandemi Covid-19 hingga saat ini belum juga berakhir.\nKedisiplinan dan kesadara\xe2\x80\xa6 https://t.co/5iNq88KJ0n',PolsekBandar86
1909,2021-04-11 04:50:44,ahmad_warisah,b'@ustadtengkuzul @jokowi Korup itu lebih fatal dari Redikal gambarannya Covid 19 efek #sila1!? dibiar mengambang pen\xe2\x80\xa6 https://t.co/hn0v2HNDrZ',ustadtengkuzul
1910,2021-04-11 04:50:43,RichadatulA,b'@PolsekBandar86 AYO PAKAI MASKER! \n\nPandemi Covid-19 hingga saat ini belum juga berakhir.\nKedisiplinan dan kesadara\xe2\x80\xa6 https://t.co/c2C7hApWaM',PolsekBandar86
1914,2021-04-11 04:50:32,RichadatulA,b'@PolsekBandar86 AYO PAKAI MASKER! \n\nPandemi Covid-19 hingga saat ini belum juga berakhir.\nKedisiplinan dan kesadara\xe2\x80\xa6 https://t.co/kKcmDmuiio',PolsekBandar86
1916,2021-04-11 04:50:28,RichadatulA,b'@PolsekBandar86 Kedisiplinan dan kesadaran kita dalam menerapkan protokol kesehatan menjadi kunci utama memutus mat\xe2\x80\xa6 https://t.co/HiPodFh0Dh',PolsekBandar86
1923,2021-04-11 04:50:10,RichadatulA,b'@PolsekBandar86 Kedisiplinan dan kesadaran kita dalam menerapkan protokol kesehatan menjadi kunci utama memutus mat\xe2\x80\xa6 https://t.co/e8WuCDk3nD',PolsekBandar86
1924,2021-04-11 04:50:06,RichadatulA,b'@PolsekBandar86 Kedisiplinan dan kesadaran kita dalam menerapkan protokol kesehatan menjadi kunci utama memutus mat\xe2\x80\xa6 https://t.co/8fzXn1r2Xk',PolsekBandar86
1956,2021-04-11 04:48:49,RichadatulA,b'@PolsekBandar86 Kedisiplinan dan kesadaran kita dalam menerapkan protokol kesehatan menjadi kunci utama memutus mat\xe2\x80\xa6 https://t.co/b3ITbFKVWv',PolsekBandar86
1959,2021-04-11 04:48:45,RichadatulA,b'@PolsekBandar86 Kedisiplinan dan kesadaran kita dalam menerapkan protokol kesehatan menjadi kunci utama memutus mat\xe2\x80\xa6 https://t.co/iFuDsSOOt4',PolsekBandar86
1977,2021-04-11 04:48:05,RichadatulA,b'@PolsekBandar86 Sobat Polri jangan lupa untuk selalu mematuhi protokol kesehatan saat beraktivitas di luar rumah se\xe2\x80\xa6 https://t.co/MmpVaumDw1',PolsekBandar86
1979,2021-04-11 04:48:00,RichadatulA,b'@PolsekBandar86 Sobat Polri jangan lupa untuk selalu mematuhi protokol kesehatan saat beraktivitas di luar rumah se\xe2\x80\xa6 https://t.co/Q2bMeuk4AK',PolsekBandar86
1981,2021-04-11 04:47:55,RichadatulA,b'@PolsekBandar86 Sobat Polri jangan lupa untuk selalu mematuhi protokol kesehatan saat beraktivitas di luar rumah se\xe2\x80\xa6 https://t.co/uGKSOcvKWJ',PolsekBandar86
1983,2021-04-11 04:47:51,RichadatulA,b'@PolsekBandar86 Sobat Polri jangan lupa untuk selalu mematuhi protokol kesehatan saat beraktivitas di luar rumah se\xe2\x80\xa6 https://t.co/yF9t3wbstK',PolsekBandar86
2122,2021-04-11 04:41:43,NomboKilian,b'@HKigwangalla Broo mbona unamwongilia rais ! Mbona kashaunda kamati ya kuchunguza covid 19 kwa mapana yake hapa nchini kwetu broo',HKigwangalla
2124,2021-04-11 04:41:39,POLSEK_JTJOGJA,"b'"" Senantiasa peka terhadap lingkungan sekitar dan tidak kendor dalam penerapan Prokes sebagai benteng dari penyebar\xe2\x80\xa6 https://t.co/GACd4qvCH4'",POLSEK_JTJOGJA
2195,2021-04-11 04:38:26,MuhSapri17,b'@halimiskandarnu\n@taufikmadjid71\n@kemendesapdtt\n#GusMenteri\n#TaufikMajid\n#YusraDariDesa\n#kemendesapdtt\xe2\x80\xa6 https://t.co/UJgsZy6B10',halimiskandarnu
2266,2021-04-11 04:35:51,trahutomo,b'@FirzaHusain @KemenkesRI @dinkesJKT bagaimana sih kalian ini bekerjanya?! Para karyawan Bank swasta dan karyawan2 s\xe2\x80\xa6 https://t.co/ACaBJ1ypKk',FirzaHusain
2358,2021-04-11 04:31:46,MediaAdil_Kedah,b'Beliau menyeru agar rakyat di negeri Kedah terutamanya di Parlimen Sungai Petani untuk mendaftar dan mendapatkan va\xe2\x80\xa6 https://t.co/eS9ngsUAGj',MediaAdil_Kedah
2413,2021-04-11 04:29:05,JohariAbdul5,b'Saya selaku Ahli Parlimen Sungai Petani dengan ini menyeru kepada seluruh rakyat di negeri Kedah khususnya di Parli\xe2\x80\xa6 https://t.co/9k3htdu2lE',JohariAbdul5
2528,2021-04-11 04:23:28,balitbanghub151,"b'Melihat kejadian lalu, setelah liburan yang hanya beberapa hari saja, hampir selalu diikuti dengan tren peningkatan\xe2\x80\xa6 https://t.co/brPIrTJKzt'",balitbanghub151
2530,2021-04-11 04:23:27,balitbanghub151,"b'Larangan mudik adalah adalah upaya bersama pemerintah dan harus didukung masyarakat, untuk mengantisipasi dan mence\xe2\x80\xa6 https://t.co/vfkiIUTjra'",balitbanghub151
2774,2021-04-11 04:13:26,DearSqin,b'@skincarian Agak ribet ya aku ngetik \xf0\x9f\x98\xad\xf0\x9f\x91\x8a Kemaren itu karena COVID-19 dan orang2 pada pulang ke rumah jadinya dibayar setengah gitu',skincarian
2832,2021-04-11 04:11:14,persib,"b'Alhamdulillah, skuad PERSIB, semuanya negatif Covid-19. Hatur Nuhun Doanya!'",persib
3076,2021-04-11 04:02:12,_sanrego_,b'@eg_nrs Salam sehat\nTaati prokes agar terhindar dari covid-19',eg_nrs
3094,2021-04-11 04:01:27,bp2mi_ri,"b'Benny menegaskan bahwa penutupan penempatan PMI tersebut bukan karena adanya kebijakan Pembebasan Biaya, melainkan\xe2\x80\xa6 https://t.co/OVe0a8en9X'",bp2mi_ri
3138,2021-04-11 03:59:30,NarasiNewsroom,b'Korupsi dana bantuan Covid-19 punya banyak modus dan melibatkan pejabat dari tingkat desa sampai sekelas menteri ck\xe2\x80\xa6 https://t.co/tN0PUtAINE',NarasiNewsroom
3140,2021-04-11 03:59:25,NarasiNewsroom,b'Aa Umbara dan Andri Wibawa ditahan setelah sebelumnya ditetapkan sebagai tersangka kasus dugaan korupsi pengadaan b\xe2\x80\xa6 https://t.co/WRvcbHNHwH',NarasiNewsroom
3271,2021-04-11 03:54:16,Jayeng_seno_,b'@tubagussalim Pak Kapolri tidak semua ulama punya peran positif terhadap covid-19. Hanya ulama ulama tertentu yg bi\xe2\x80\xa6 https://t.co/84ocyKoUse',tubagussalim
3295,2021-04-11 03:53:02,shantan16878510,b'@borasevaibhav @bharat_parody @Sangharshspeaks @jimodiji @cha_van_57 @Mahadev_Balgude @UmeshJSpeaks gandu lok \xf0\x9f\x98\x82\xf0\x9f\x98\x82\xf0\x9f\x98\x82\n\nhttps://t.co/rvGTZQ2AlL',borasevaibhav
3384,2021-04-11 03:48:43,MuthmainZu,"b'@Jamil_Krapyak Bapak simbok masuk kuota lansia Pak, semua aman. \nSy juga sudah dpt imunisasi ke-1 dan 2, masuk kuot\xe2\x80\xa6 https://t.co/E4pkX1Na7D'",Jamil_Krapyak
3861,2021-04-11 03:29:28,BNICustomerCare,"b'@alisyahidinm Hai Kak Ali, mohon maaf selama masa Pandemi Covid 19 layanan BNI Weekend Banking belum beroperasional ya Kak. Tks -Widia-'",alisyahidinm
3904,2021-04-11 03:28:07,joisami,b'Sebaliknya Britain enggan terpengaruh dengan situasi itu dan menyatakan bahawa kesan sampingan yang berpotensi itu\xe2\x80\xa6 https://t.co/SZfSAIBtd3',joisami
3968,2021-04-11 03:25:30,psi_id,b'Ketiadaan perangkat yang memadai merupakan salah satu masalah terbesar dalam penerapan Pembelajaran Jarak Jauh (PJJ\xe2\x80\xa6 https://t.co/I2eDXZcjLg',psi_id
4106,2021-04-11 03:20:36,contactap2,"b'@Robert03285222 Selamat pagi Kak Gevanny. Mengacu kpd SE Satgas Penanganan Covid-19 No 12 Tahun 2021, berlaku mulai\xe2\x80\xa6 https://t.co/cXwlKDsRtH'",Robert03285222
4215,2021-04-11 03:16:14,dinnah_,"b'@gppcurcol ya, sih. menurut berita ini, di Jawa udah ga ada zona merah (https://t.co/jXLRHXIEzz). tp baca pengalama\xe2\x80\xa6 https://t.co/gt0pDvCOXR'",gppcurcol
4218,2021-04-11 03:16:12,NchimbiRas,b'@Ntobi_ @HKigwangalla @CatherineRuge @SuluhuSamia Covid 19 nao walienda huko kufanya nini?\xf0\x9f\xa4\x94',Ntobi_
4294,2021-04-11 03:13:20,CN_2024,b'screening Covid-19 sebelum kembali ke rumah dan akan memberikan fasilitas kesehatan untuk warga dengan hasil tes po\xe2\x80\xa6 https://t.co/l1xBaJyfAX',CN_2024
4449,2021-04-11 03:07:13,KelinkPur,b'@SridianaEva Saya setuju Bu dokter...yg penting selalu jaga segala pola...\nTerlepas bener ndanya covid 19 pilih2 ka\xe2\x80\xa6 https://t.co/HGeijMQKjK',SridianaEva
4496,2021-04-11 03:05:23,arnikamollis,"b'@pelhambluefund [TUMPANGLALUJAP] Sempena Raya Covid-19 untuk tahun 2021 ni, Why not hadiahkan orang tersayang denga\xe2\x80\xa6 https://t.co/0fdsJbDbE7'",pelhambluefund
4531,2021-04-11 03:04:07,KWSPMalaysia,b'Ahli juga boleh ke mana-mana cawangan KWSP berdekatan lain yang masih beroperasi seperti biasa atau lakukan transak\xe2\x80\xa6 https://t.co/munTwmX9Jd',KWSPMalaysia
4540,2021-04-11 03:03:32,Setiadjaya2,"b'@RadioElshinta Benar tdk ada gunanya hanya buang-buang uang saja seperti anyaman rotan, lebih baik utk tambah dana\xe2\x80\xa6 https://t.co/kIZ2DdoQCF'",RadioElshinta
4615,2021-04-11 03:00:03,syarifani89,"b'Buat kalian yang lewat sekitaran kawasan Tomang, DKI Jakarta. \nCoba minggir sebenar pas melihat #BillboardAQUA pela\xe2\x80\xa6 https://t.co/STrZJ8thaL'",syarifani89
4632,2021-04-11 02:59:39,himapsikoUB,b'terdapat beberapa informasi tambahan dalam surat edaran yang sudah tertera pada poster. \n\nJangan sampai terlewatkan\xe2\x80\xa6 https://t.co/PyC3OCZUZi',himapsikoUB
4724,2021-04-11 02:55:56,bankmandiri,"b'@Kacebonk Selamat pagi Bpk/Ibu, mohon maaf atas ketidaknyamanan yg dialami terkait antrian di cabang  dan terima ka\xe2\x80\xa6 https://t.co/ErYgk6CwH7'",Kacebonk
4733,2021-04-11 02:55:37,Pushpen60336499,b'@sarkari_result @TwitterIndia Apke Ghar me Aya hai kya covid 19 batiaye',sarkari_result
4825,2021-04-11 02:51:46,joelyahyaimang,"b'@DrAdhamBaba @KKMPutrajaya Maknanya yang sudah lengkap 2 suntikan vaksin cuma 186,221 orang sahaja. Cekap menteri K\xe2\x80\xa6 https://t.co/gJtKHq6pSW'",DrAdhamBaba
4907,2021-04-11 02:48:59,contactap2,b'@NvyaMe Persyaratan penerbangan bagi pengecualian di tgl tsb mengikuti SE Satgas Penanganan Covid-19 No 12 Tahun 20\xe2\x80\xa6 https://t.co/WUMDlyXFdD',NvyaMe
5014,2021-04-11 02:45:49,Ustadz_Ahong,"b'14. Pandemi covid-19 ini kan masalah medis, kita harusnya percaya sama ahli medis, bukan sama ustadz. Begitu kan? ""\xe2\x80\xa6 https://t.co/lMaA9kGscP'",Ustadz_Ahong
5015,2021-04-11 02:45:43,Ustadz_Ahong,"b'3. sekalipun di masa covid-19, itu termasuk fitnah dajjal. Terus kata ustadz itu belum pernah ada dalam sejarah Isl\xe2\x80\xa6 https://t.co/A0TWG9fytn'",Ustadz_Ahong
5102,2021-04-11 02:43:26,Sajid13793463,b'@OfficialNcoc Sindh ma educational institute ko close kya jae students university m covid-19 ki rules ko follow nah\xe2\x80\xa6 https://t.co/rDgNgVHeYq',OfficialNcoc
5268,2021-04-11 02:38:46,ArifLantas,b'@nettvsurabaya @polantas_sby Anggota Sat Lantas Polrestabes #Sby serta instansi terkait dalam rangka OPS KESELAMATA\xe2\x80\xa6 https://t.co/2CoFqnaxjK',nettvsurabaya
5273,2021-04-11 02:38:34,Direktorat_P4K,b'Telah disampaikan kegiatan Penanaman Mangrove menggunakan metode Padat Karya sebagai bentuk upaya pemerintah dalam\xe2\x80\xa6 https://t.co/IOSnfLsxq7',Direktorat_P4K
5289,2021-04-11 02:38:03,Cici90769854,b'Kebijakan Larangan Mudik dilakukan pemerintah Untuk menekan penyebaran covid-19 https://t.co/JcPFlYNbFL',Cici90769854
5316,2021-04-11 02:37:14,ArifLantas,b'@jejeradiosby @polantas_sby Anggota Sat Lantas Polrestabes #Sby serta instansi terkait dalam rangka OPS KESELAMATAN\xe2\x80\xa6 https://t.co/2TI2bx8Owm',jejeradiosby
5323,2021-04-11 02:36:52,ArifLantas,b'@infosurabaya @polantas_sby Anggota Sat Lantas Polrestabes #Sby serta instansi terkait dalam rangka OPS KESELAMATAN\xe2\x80\xa6 https://t.co/ejFTq0mhm0',infosurabaya
5340,2021-04-11 02:36:31,luckykiddos1,"b'@alwaysforyouuuu melihat masalah di lapangan yang menjadi concern kita saat ini,keindahan pantai sangat terusak ole\xe2\x80\xa6 https://t.co/a6UBE135MO'",alwaysforyouuuu
5343,2021-04-11 02:36:29,ArifLantas,b'@HumasPoldaJatim @polantas_sby Anggota Sat Lantas Polrestabes #Sby serta instansi terkait dalam rangka OPS KESELAMA\xe2\x80\xa6 https://t.co/Pj0N6DDriy',HumasPoldaJatim
5353,2021-04-11 02:36:06,ArifLantas,b'@genfmsby1031 @polantas_sby Anggota Sat Lantas Polrestabes #Sby serta instansi terkait dalam rangka OPS KESELAMATAN\xe2\x80\xa6 https://t.co/GErcXoyua4',genfmsby1031
5362,2021-04-11 02:35:39,ArifLantas,b'@kompascom @polantas_sby Anggota Sat Lantas Polrestabes #Sby serta instansi terkait dalam rangka OPS KESELAMATAN SE\xe2\x80\xa6 https://t.co/NCA8ZulBZn',kompascom
5374,2021-04-11 02:35:16,ArifLantas,b'@BanggaSurabaya @polantas_sby Anggota Sat Lantas Polrestabes #Sby serta instansi terkait dalam rangka OPS KESELAMAT\xe2\x80\xa6 https://t.co/Ft3EzJjEJU',BanggaSurabaya
5391,2021-04-11 02:34:55,ArifLantas,b'@CNNIndonesia @polantas_sby Anggota Sat Lantas Polrestabes #Sby serta instansi terkait dalam rangka OPS KESELAMATAN\xe2\x80\xa6 https://t.co/P2s1EJebz6',CNNIndonesia
5397,2021-04-11 02:34:48,muhammad_hanaf1,b'@Nicho_Silalahi Covid 19 dijadikan alat untuk kriminalisasi ulama dengan alasan prokes. Padahal dia sendiri bebas melanggar prokes',Nicho_Silalahi
5404,2021-04-11 02:34:31,ArifLantas,b'@RadioElshinta @polantas_sby Anggota Sat Lantas Polrestabes #Sby serta instansi terkait dalam rangka OPS KESELAMATA\xe2\x80\xa6 https://t.co/SC5m2GJSGd',RadioElshinta
5425,2021-04-11 02:33:46,luckykiddos1,"b'@robbyyxx kita sebagai generasi muda, harus bisa ikut berkontribusi positif terhadap masalah kebersihan pantai akib\xe2\x80\xa6 https://t.co/2n6ECCq5d8'",robbyyxx
5439,2021-04-11 02:33:23,ArifLantas,b'@e100ss @polantas_sby Anggota Sat Lantas Polrestabes #Sby serta instansi terkait dalam rangka OPS KESELAMATAN SEMER\xe2\x80\xa6 https://t.co/GTLyEzT0gw',e100ss
5501,2021-04-11 02:31:31,asrujikusmana1,b'@AbdHami02737580 @halimiskandarnu @imansyukri @malik_haramain @taufikmadjid71 @rosyidah @yusradaridesa\xe2\x80\xa6 https://t.co/gJ6hPusadj',AbdHami02737580
5523,2021-04-11 02:30:58,thehsabhi,b'@NitishKumar @IPRD_Bihar @NitishKumar charcha kariye but covid-19 k against strong action lijiye or weekend lockdow\xe2\x80\xa6 https://t.co/FbOrDqbWFu',NitishKumar
5641,2021-04-11 02:27:03,macan1962,b'@Bayuasri4 @__GoldenAngel_ Tapi bukan dia yg langsung bilang\nDi kota Pekanbaru banyak pedagang makanan dan pengemud\xe2\x80\xa6 https://t.co/UPea2s3n5U',Bayuasri4
5667,2021-04-11 02:26:23,dizuhobb,"b'@zulfekar72 @KKMPutrajaya Tidak perlu rasa malu, kita dengan iktiqad dan keyakinan kita mereka dengan cara mereka.\xe2\x80\xa6 https://t.co/qNvYR3srZg'",zulfekar72
5834,2021-04-11 02:21:57,ArifLantas,b'@RRISurabaya @polantas_sby Anggota Sat Lantas Polrestabes #Sby serta instansi terkait dalam rangka OPS KESELAMATAN\xe2\x80\xa6 https://t.co/C0UOmEuIxb',RRISurabaya
5846,2021-04-11 02:21:36,ArifLantas,b'@PolrestabesSby @polantas_sby Anggota Sat Lantas Polrestabes #Sby serta instansi terkait dalam rangka OPS KESELAMAT\xe2\x80\xa6 https://t.co/eCltnQ2VvZ',PolrestabesSby
5862,2021-04-11 02:21:12,ArifLantas,b'@nettvsurabaya @polantas_sby Anggota Sat Lantas Polrestabes #Sby serta instansi terkait dalam rangka OPS KESELAMATA\xe2\x80\xa6 https://t.co/Os19jOAkaa',nettvsurabaya
5874,2021-04-11 02:20:52,kutang_bolong,b'@NinjaCir3ng Yuk...taat prokes. \n\nBiar tubuh sudah pernah kena covid-19 ngga otomatis kuat menahan gempuran virus c\xe2\x80\xa6 https://t.co/DyXMioRaT6',NinjaCir3ng
5875,2021-04-11 02:20:50,ArifLantas,b'@jejeradiosby @polantas_sby Anggota Sat Lantas Polrestabes #Sby serta instansi terkait dalam rangka OPS KESELAMATAN\xe2\x80\xa6 https://t.co/gbBiNMpE0P',jejeradiosby
5886,2021-04-11 02:20:27,ArifLantas,b'@HumasPoldaJatim @polantas_sby Anggota Sat Lantas Polrestabes #Sby serta instansi terkait dalam rangka OPS KESELAMA\xe2\x80\xa6 https://t.co/GRnUQ7PBeC',HumasPoldaJatim
5890,2021-04-11 02:20:06,ArifLantas,b'@genfmsby1031 @polantas_sby Anggota Sat Lantas Polrestabes #Sby serta instansi terkait dalam rangka OPS KESELAMATAN\xe2\x80\xa6 https://t.co/9bK2ccCei0',genfmsby1031
5905,2021-04-11 02:19:44,ArifLantas,b'@kompascom @polantas_sby Anggota Sat Lantas Polrestabes #Sby serta instansi terkait dalam rangka OPS KESELAMATAN SE\xe2\x80\xa6 https://t.co/uI05BvkTHo',kompascom
5919,2021-04-11 02:19:24,ArifLantas,b'@CNNIndonesia @polantas_sby Anggota Sat Lantas Polrestabes #Sby serta instansi terkait dalam rangka OPS KESELAMATAN\xe2\x80\xa6 https://t.co/C71ieWF3JZ',CNNIndonesia
5931,2021-04-11 02:19:03,ArifLantas,b'@RadioElshinta @polantas_sby Anggota Sat Lantas Polrestabes #Sby serta instansi terkait dalam rangka OPS KESELAMATA\xe2\x80\xa6 https://t.co/DmjYUZY1l2',RadioElshinta
5938,2021-04-11 02:18:38,ArifLantas,b'@e100ss @polantas_sby Anggota Sat Lantas Polrestabes #Sby serta instansi terkait dalam rangka OPS KESELAMATAN SEMER\xe2\x80\xa6 https://t.co/bmWM9Erfaz',e100ss
5980,2021-04-11 02:17:16,Halawa7Harmonis,b'RELAWAN DESA AMAN COVID-19',Halawa7Harmonis
5984,2021-04-11 02:17:05,Irtus_Laso,b'Fenomenal dan masih teka teki antara Agnezmo X Bright..\n\nBelum bisa ditebak projecknya.\nProjeck buat film atau buat\xe2\x80\xa6 https://t.co/lWYMzTUyp0',Irtus_Laso
6017,2021-04-11 02:15:46,purreeell,"b'Misalnya covid, bukannya ada pencegahan tapi malah simbolisasi perayaan kasus ke- 1, 2, 3 yang dikasih jamu\n\nSimbol\xe2\x80\xa6 https://t.co/sKYH4Q39lQ'",purreeell
6090,2021-04-11 02:13:39,AkbarAlthariq,b'@yuliansyah_jamp @halimiskandarnu @malik_haramain @imansyukri @taufikmadjid71 @yusradaridesa @azzameldzikrie\xe2\x80\xa6 https://t.co/FWdykP40QJ',yuliansyah_jamp
6116,2021-04-11 02:12:36,ArifLantas,b'@RRISurabaya @polantas_sby Anggota Sat Lantas Polrestabes #Sby serta instansi terkait dalam rangka OPS KESELAMATAN\xe2\x80\xa6 https://t.co/8WXgfWn21u',RRISurabaya
6128,2021-04-11 02:12:11,ArifLantas,b'@nettvsurabaya @polantas_sby Anggota Sat Lantas Polrestabes #Sby serta instansi terkait dalam rangka OPS KESELAMATA\xe2\x80\xa6 https://t.co/9oGKTDWMu0',nettvsurabaya
6145,2021-04-11 02:11:48,ArifLantas,b'@jejeradiosby @polantas_sby Anggota Sat Lantas Polrestabes #Sby serta instansi terkait dalam rangka OPS KESELAMATAN\xe2\x80\xa6 https://t.co/Shm3GoQ8zD',jejeradiosby
6164,2021-04-11 02:11:23,ArifLantas,b'@HumasPoldaJatim @polantas_sby Anggota Sat Lantas Polrestabes #Sby serta instansi terkait dalam rangka OPS KESELAMA\xe2\x80\xa6 https://t.co/eSYAC6VJg7',HumasPoldaJatim
6180,2021-04-11 02:10:57,ArifLantas,b'@genfmsby1031 @polantas_sby Anggota Sat Lantas Polrestabes #Sby serta instansi terkait dalam rangka OPS KESELAMATAN\xe2\x80\xa6 https://t.co/19ANYSaeoF',genfmsby1031
6199,2021-04-11 02:10:20,ArifLantas,b'@BanggaSurabaya @polantas_sby Anggota Sat Lantas Polrestabes #Sby serta instansi terkait dalam rangka OPS KESELAMAT\xe2\x80\xa6 https://t.co/ojNlo48Hs4',BanggaSurabaya
6217,2021-04-11 02:09:57,ArifLantas,b'@kompascom @polantas_sby Anggota Sat Lantas Polrestabes #Sby serta instansi terkait dalam rangka OPS KESELAMATAN 20\xe2\x80\xa6 https://t.co/d4wHCAiqQP',kompascom
6246,2021-04-11 02:09:21,ArifLantas,b'@CNNIndonesia @polantas_sby Anggota Sat Lantas Polrestabes #Sby serta instansi terkait dalam rangka OPS KESELAMATAN\xe2\x80\xa6 https://t.co/Etp3bfausM',CNNIndonesia
6259,2021-04-11 02:08:58,ArifLantas,b'@RadioElshinta @polantas_sby Anggota Sat Lantas Polrestabes #Sby serta instansi terkait dalam rangka OPS KESELAMATA\xe2\x80\xa6 https://t.co/qvzACrqPoI',RadioElshinta
6266,2021-04-11 02:08:32,ArifLantas,b'@e100ss @polantas_sby Anggota Sat Lantas Polrestabes #Sby serta instansi terkait dalam rangka OPS KESELAMATAN 2021\xe2\x80\xa6 https://t.co/CeFqCnGe2z',e100ss
6292,2021-04-11 02:07:46,MUSABYIMANAAim5,b'@RwandaSouth @NyaruguruDistr @RwandaGov @RwandaLocalGov @gatjmv @KayitesiAlice4 @BGakire Twizerako nidushyira mu bi\xe2\x80\xa6 https://t.co/fYUdvKPoiv',RwandaSouth
6359,2021-04-11 02:05:26,BNI,"b'@dyahayutriast Hai Kak, mohon maaf selama masa Pandemi Covid 19 layanan BNI Weekend Banking belum beroperasional ya Kak. Tks -Widia-'",dyahayutriast
6361,2021-04-11 02:05:22,crown_abie,"b'@eg_nrs Disiplin Protokol Kesehatan Covid-19 adalah upaya terbaik untuk menjaga diri, keluar dan lingkungan untuk m\xe2\x80\xa6 https://t.co/7oTwENlmoa'",eg_nrs
6410,2021-04-11 02:03:39,JohariAbdul5,b'Semoga bantuan ini dapat membantu meringankan beban. Diharapkan agar semua terus menjaga diri dan SOP yang telah di\xe2\x80\xa6 https://t.co/y6klwI5eMV',JohariAbdul5
6421,2021-04-11 02:03:12,JohariAbdul5,"b'Menurut maklumat yang diterima oleh pihak Pusat Khidmat, mereka yang kekurangan bekalan makanan ini adalah mangsa C\xe2\x80\xa6 https://t.co/11T7HEvq08'",JohariAbdul5
6587,2021-04-11 01:57:19,maxyla,b'Tapi saya tetap percaya kalau Covid-19 itu bener-bener ada. Ancamannya juga nyata. Jadi saya selalu ketat dalam men\xe2\x80\xa6 https://t.co/rMOEeVjxr8',maxyla
6636,2021-04-11 01:55:07,DarulMustafir,b'@Suryafajar74 @jokowi @halimiskandarnu @malik_haramain @fachrilabalado @taufikmadjid @imansyukri @yusradaridesa\xe2\x80\xa6 https://t.co/Xn18arhCfB',Suryafajar74
6681,2021-04-11 01:53:08,pemkotdepok,"b'Jangan lupa, pandemi Covid-19 masih ada. Tetap patuh &amp; konsisten terapkan 5M (Memakai Masker, Mencuci Tangan Pakai\xe2\x80\xa6 https://t.co/lmj5za90GC'",pemkotdepok
6997,2021-04-11 01:41:18,Dodi_AG21,b'@halimiskandarnu\n@imansyukri\n@malik_haramain\n@taufikmadjid71\n@yusradaridesa\n@PmdPuspen\n@tppkemendes\n@kemendesapdtt\xe2\x80\xa6 https://t.co/MspHDJzk4r',halimiskandarnu
7137,2021-04-11 01:36:35,PT_Transjakarta,"b'@leetalalita Hai Kak Lalita, yuk simak gambar berikut untuk melihat hal - hal yang perlu diperhatikan selama pandem\xe2\x80\xa6 https://t.co/LGwjCuH8g5'",leetalalita
7160,2021-04-11 01:35:51,marchenga10,b'@yibss_ RM0 Sentiasa beringat!. Covid-19 tidak pernah bercuti dan sudah berada dalam komuniti kita. Amalkan norma b\xe2\x80\xa6 https://t.co/MISunjLLKl',yibss_
7416,2021-04-11 01:28:03,contactap2,b'@NvyaMe Untuk persyaratan penerbangan bagi pengecualian di tanggal tersebut masih mengikuti SE Satgas Penanganan Co\xe2\x80\xa6 https://t.co/WYPWMfgHWm',NvyaMe
7434,2021-04-11 01:27:27,jokerkurus,"b'@ezash Sebagai yang WFO terus selama pandemi, pernah business trip keluar kota, dan tetep selamet dari Covid-19, gak tau harus bilang apa.'",ezash
7507,2021-04-11 01:24:39,Nisa05182732,"b'@dr_koko28 Sebenarnya jika ditanya, mgk ada yg terinfeksi tanpa menyadarinya..pnh kerabat sy yg penyintas Covid-19\xe2\x80\xa6 https://t.co/gZwhJF98Oq'",dr_koko28
7753,2021-04-11 01:17:59,sudarso89,b'@MryMandary @halimiskandarnu @imansyukri @malik_haramain @taufikmadjid71 @yusradaridesa @Pusat_PPMD\xe2\x80\xa6 https://t.co/VnXXuv3dea',MryMandary
7757,2021-04-11 01:17:53,BNI,"b'@Eddoy Hai Kak Arief, mohon maaf selama Pandemi Covid-19 layanan BNI Weekend Banking belum beroperasional ya. Tks -Widia-'",Eddoy
7809,2021-04-11 01:15:59,N4T0_,b'@SyairRevolusi Covid-19 yg jelas\xc2\xb2 bisa sembuh sendiri &amp; blm ada data yg bisa membuktikan kematian disebabkan murni\xe2\x80\xa6 https://t.co/FGcjlypBHD',SyairRevolusi
7828,2021-04-11 01:15:34,HMPS_UNY,"b'Dan dalam upaya memaksimalkan upaya penekan laju penyebaran COVID-19 agar lebih efektif dan efesien , disebutkan ba\xe2\x80\xa6 https://t.co/HBVljnkyqt'",HMPS_UNY
7938,2021-04-11 01:11:57,aimanzahidi95,"b'pakai hujan ""dalam quran macam macam penawar yang Allah sebut""\n@lDr Zulkifli sihat dari covid 19 hanya makan habatus sauda je"". Hurmm'",aimanzahidi95
7978,2021-04-11 01:10:23,budiat_md,b'@PutraWadapi @AdhieMassardi Harap maklum sikon Mas Nadien pandemi covid 19. Saya masih menginginkan menjadi Menteri\xe2\x80\xa6 https://t.co/lHq6g1KDii',PutraWadapi
8221,2021-04-11 01:03:11,SiamLaksa,"b""@napoleontheONE #KerajaanPintuBelakang @MuhyiddinYassin @MKNJPM nanti boleh 'tunjuk jari' tuduhkan atas alasan\xe2\x80\xa6 https://t.co/J7SKk5H3Bk""",napoleontheONE
8227,2021-04-11 01:03:01,Irfan83142812,b'@Mursyidan10 @jokowi @halimiskandarnu @anwsanusi @yusradaridesa @fachrilabalado @SukoyoKasekpro @Pusat_PPMD\xe2\x80\xa6 https://t.co/m19Msg62Ak',Mursyidan10
8332,2021-04-11 00:59:49,Balkini,b'@Brigade01Arwan1 @jokowi @halimiskandarnu @fadjroeL @imansyukri @malik_haramain @taufikmadjid71 @Pasangrahan1965\xe2\x80\xa6 https://t.co/BFcudCWF9h',Brigade01Arwan1
8871,2021-04-11 00:41:39,RadioElshinta,"b'@KemenkesRI Yang perlu diingat, penggunaan masker bukanlah satu2 nya cara agar tidak tertular COVID-19, pemakaian m\xe2\x80\xa6 https://t.co/JZz12SmJxZ'",RadioElshinta
8913,2021-04-11 00:40:13,AyunindyaClari2,b'9. Masyarakat tidak perlu mudik demi menekan penyebaran kasus Covid-19 https://t.co/QYtJTOU5W4',AyunindyaClari2
8914,2021-04-11 00:40:02,AyunindyaClari2,b'3. Kebijakan pemerintah melarang mudik sangat tepat agar penyebaran Covid-19 terhenti https://t.co/6zh1pGY7MI',AyunindyaClari2
8917,2021-04-11 00:40:00,AyunindyaClari2,b'2. Pelarangan Mudik bagi ASN pada masa darurat Covid-19 https://t.co/MZHjvLjBYD',AyunindyaClari2
8921,2021-04-11 00:39:45,BernamaTV,"b'#ICYMI COVID-19: 194 kes dirawat di ICU, 81 memerlukan bantuan pernafasan - KP Kesihatan'",BernamaTV
8922,2021-04-11 00:39:45,BernamaTV,"b'#ICYMI COVID-19: Jumlah kes aktif kini 15,059 - KP Kesihatan'",BernamaTV
9146,2021-04-11 00:31:52,EmhadyZ,b'@lagisukalari Anda jangan lari ke mana-mana dulu..coba fokus lebih dulu antara horornya pesawat jatuh dgn covid 19.',lagisukalari
9327,2021-04-11 00:24:12,Bayu12A,"b'@bernamadotcom Pemerintah sudah secara resmi melarang mudik pada momentum libur lebaran tahun ini, bukan tanpa alas\xe2\x80\xa6 https://t.co/UqOP0c63Jv'",bernamadotcom
9439,2021-04-11 00:19:50,AHarimurphy,b'Belajar dari momentum-momentum libur panjang sebelumnya yang terbukti berkorelasi dengan peningkatan angka kasus po\xe2\x80\xa6 https://t.co/cSjzbfxHyc',AHarimurphy
9460,2021-04-11 00:18:55,EmhadyZ,b'@lagisukalari Lha apa hubungannya threadmu itu dgn Covid 19 dan pesawat jatuh?\xf0\x9f\xa4\x94',lagisukalari
9522,2021-04-11 00:16:35,Aripudin1306,b'@tvOneNews pandemi covid 19 pembodohan',tvOneNews
9612,2021-04-11 00:12:47,Ustadz_Ahong,"b'2. Tp ada ustadz yg menentang fatwa tsb dgn pakai dalil mengenai tak perlunya merenggangkan shaf shalat jamaah, krn\xe2\x80\xa6 https://t.co/vZRdfR8gqL'",Ustadz_Ahong
9634,2021-04-11 00:11:35,Citilink,"b'@saionarry Silakan kunjungi https://t.co/029A2UyOhT untuk informasi terkait dokumen yang dibutuhkan untuk terbang, terima kasih.'",saionarry
9640,2021-04-11 00:11:22,Citilink,"b'@GitaFit04041836 Silakan kunjungi https://t.co/029A2UyOhT untuk informasi terkait dokumen yang dibutuhkan untuk terbang, terima kasih.'",GitaFit04041836
9646,2021-04-11 00:11:06,EmhadyZ,"b'@lagisukalari Kelihatannya, pesawat jatuh lebih horor dari Covid 19. Tapi gak jg...karena korban pesawat kebanyakan\xe2\x80\xa6 https://t.co/PA7vzX8Cb3'",lagisukalari
9671,2021-04-11 00:09:42,Nadrahsulolipu,b'@halimiskandarnu\n@imansyukri\n@malik_haramain\n@taufikmadjid71\n@yusradaridesa\n@tppkemendes\n@kemendesapdtt\n#GusMenteri\xe2\x80\xa6 https://t.co/P6qARBC51M',halimiskandarnu
9864,2021-04-10 23:51:28,PolsekUH,b'Adaptasi Kebiasaan Baru tetap taati protokol kesehatan guna mencegah penularan Covid-19.\xe2\x80\xa6 https://t.co/GMO5TjgP58',PolsekUH
9866,2021-04-10 23:51:01,KAI121,b'@moncbebe Selamat pagi Kak. Untuk pendaftaran rapid test antigen dapat datang langsung ke stasiun ya. Fitur pemesan\xe2\x80\xa6 https://t.co/2Ngwp5mRYb',moncbebe
9868,2021-04-10 23:50:47,PolsekUH,b'Adaptasi Kebiasaan Baru tetap taati protokol kesehatan guna mencegah penularan Covid-19.\xe2\x80\xa6 https://t.co/OQaMmaQt4C',PolsekUH
9953,2021-04-10 23:42:04,pln_123,b'@ari_memonamo  3. Nomor telepon?\n\n4. Apakah ada pembatasan akses menuju ke lokasi terkait Pandemi Covid-19?\n\nAdmin\xe2\x80\xa6 https://t.co/paKL7VmhiS',ari_memonamo
9956,2021-04-10 23:41:55,mosses_raditia,b'@OmarBenjamin22 @dr_koko28 1. Menurut riset varian Covid Wuhan lebih ganas ketimbang yg menyebar seantero dunia (dl\xe2\x80\xa6 https://t.co/BkF3mds77i',OmarBenjamin22
10050,2021-04-10 23:33:16,LFoiyer,"b'@Jemi_domianus dari pos jaga yg berperan sebagai benteng Covid,19, dan juga perlu kepedulian masyarakat terhadap ke\xe2\x80\xa6 https://t.co/ZEo8pBSWhs'",Jemi_domianus
10103,2021-04-10 23:28:49,Rad66Toyo,b'@SinarOnline Solat tarawih hanya untuk golongan berumur 60 tahun ke bawah manakala 60 tahun ke atas adalah golongan\xe2\x80\xa6 https://t.co/7TMX29NRNk',SinarOnline
10111,2021-04-10 23:28:13,ferdymad,b'@drpriono1 @BudiGSadikin Bgmn dgn akurasi GeNose yg menurut Menteri @KemenristekBRIN hanya alat Deteksi bukan Diagn\xe2\x80\xa6 https://t.co/IBzPdzyF6W',drpriono1
10148,2021-04-10 23:22:29,OniDewono,b'@KompasTV @KawalCOVID19 Mohon agar ada yang mengingatkan gubernur ini ... \xf0\x9f\x98\x87\n\nhttps://t.co/4Nnnf3wcxe',KompasTV
10149,2021-04-10 23:22:27,MabhetshuM,b'@umakanika COVID-19 kayihambe bantu. Sesizwile..',umakanika
10208,2021-04-10 23:14:25,TerongU72356816,"b'@Mupti6 @PutraWadapi Mereka Sukses menekan Pandemi covid 19,, jadi warga kita lebih percaya kesana ,,untuk berobat\xe2\x80\xa6 https://t.co/GkjmURgzLL'",Mupti6
10240,2021-04-10 23:09:47,kamchagiyash,b'@kanemotoyos_hi @sbmptnfess Diprint sama diisi dirumah dibagian nama dll selengkapnya disinii https://t.co/0TviL1UU6h',kanemotoyos_hi
10461,2021-04-10 22:48:24,KAI121,b'@potatoobite Selamat pagi Kak. Hingga saat ini instansi terkait belum mengeluarkan ketentuan terbaru terkait hal te\xe2\x80\xa6 https://t.co/pOKhZgPvZD',potatoobite
10480,2021-04-10 22:45:36,DidiHermanto01,b'@mbahndi @katzen_jammer Dari 2 Peristiwa ini sudah bisa di Simpulkan......\nBahwa COVID - 19 SUDAH BERAKHIR......',mbahndi
10488,2021-04-10 22:44:04,Kebebas42021080,b'@florieliciouss @hadisulisdado Tunda dahulu Sedang Pandemi Covid-19.',florieliciouss
10525,2021-04-10 22:39:38,Wedhus999,b'@nullbyt8_ @coffeelattee37 @exploit8_ @KING__VADUKA @harakatuna @q8een_ @t8eez_ @exs_elite @HmEi7_Real\xe2\x80\xa6 https://t.co/TaX7bEK1Wt',Wedhus999
10613,2021-04-10 22:20:13,rparrawong,b'10/(10/04) COVID-19 #Peru \xf0\x9f\x87\xb5\xf0\x9f\x87\xaa\n\n\xf0\x9f\x94\xb9Positividad PCR 04/04: 16%\n\xf0\x9f\x94\xb9Positividad PCR 05/04: 21%\n\xf0\x9f\x94\xb9Positividad PCR 06/04: 12%\n\xf0\x9f\x94\xb9\xe2\x80\xa6 https://t.co/0be42P5QLB',rparrawong
10640,2021-04-10 22:14:18,tgh_007,"b'@Catatan_ali7 La di desa kan nggak ada prokas prokes gada tes ini tes itu, walaupun mungkin ada kena gejala Covid-1\xe2\x80\xa6 https://t.co/l2QrcccEMj'",Catatan_ali7
10663,2021-04-10 22:08:02,allmanenda_,"b'@txtdrkaumbengek Covid makin meresahkan, deadline tugasmu jangan sampai nambah\xc2\xb2i resah ya.\n\nYuk jastikin aja \xf0\x9f\x98\x8a\n\nhttps://t.co/FKzaYnaBK2'",txtdrkaumbengek
10706,2021-04-10 21:56:01,pln_123,b'@Lindatlung  \n\n4. Apakah ada pembatasan akses menuju ke lokasi terkait Pandemi Covid-19?\n\nAdmin menunggu konfirmasi\xe2\x80\xa6 https://t.co/xn5gPw4pGQ',Lindatlung
10711,2021-04-10 21:52:30,jesusrglez,"b'@MoyRocha AZN, Louisiana, TEX\nhttps://t.co/JrF5WMDmOY'",MoyRocha
10800,2021-04-10 21:15:43,Bayu12A,"b'@501Awani Pemerintah sudah secara resmi melarang mudik pada momentum libur lebaran tahun ini, bukan tanpa alasan, k\xe2\x80\xa6 https://t.co/Mzly7myTXH'",501Awani
10817,2021-04-10 21:04:46,GarudaCares,b'@BIGminor @BIGminor Informasi lengkap mengenai persyaratan dokumen yang harus dipersiapkan sebelum melakukan penerb\xe2\x80\xa6 https://t.co/W3qrPywQQn',BIGminor
10822,2021-04-10 21:01:32,N4T0_,b'@LsOwien Gmn menurut dokter @SridianaEva yg konon katanya byk orang\xc2\xb2 meninggal terutama di RS Krn covid-19 \xf0\x9f\x99\x8f',LsOwien
10832,2021-04-10 20:55:46,HaddockArch,"b""@FakirHu Afsos iska nahin hai ki COVID-19 explode ho gaya, afsos ki baat to yeh hai ki koi 'jamaat' nahin mil rahi blame karne ko.""",FakirHu
10836,2021-04-10 20:53:40,LgSOS,b'@noorchashm @jessd8791 @Matthew09412243 Moderna: https://t.co/I158m1A4yt',LgSOS
10860,2021-04-10 20:46:18,abdullahmarwatt,b'@Shafqat_Mahmood Hamai depression mai daal kar khud match enjoy kar rhaai ho? Education minister hai app ya phir PC\xe2\x80\xa6 https://t.co/iOXyuScY5z',Shafqat_Mahmood
10962,2021-04-10 20:12:44,14may125,"b'@Kamadeez @Ma3Route Hakuna Curfew Kukinyesha,ata Bar Bado Zinefunguliwa..inaonekana Covid-19 inaogopa Maji ya mvua'",Kamadeez
10972,2021-04-10 20:05:51,AshishK01816321,b'@BJP4Bengal Gaurav Bhatia Ji Aap Apne BJP Party Workers Aur Rally\xe2\x80\x99s Per Lockdown Lagayein To Humara Poora Hindustan\xe2\x80\xa6 https://t.co/j9lNO1Gv3k',AshishK01816321
11002,2021-04-10 19:48:09,kecpiyungan1,b'Mari bersama kita putus rantai penyebaran Covid-19 dengan tetap menerapkan protokol kesehatan dengan 5M (Mencuci ta\xe2\x80\xa6 https://t.co/8ror3GDF8N',kecpiyungan1
11003,2021-04-10 19:48:09,kecpiyungan1,b'- Pengurangan Kasus Konfirmasi Covid- 19 Sebanyak 2 Orang\n- Jumlah Kasus Isolasi Covid-19 sebanyak 27 Orang \n- Tota\xe2\x80\xa6 https://t.co/49wY9TAE3U',kecpiyungan1
11021,2021-04-10 19:39:37,Ayahanda_MD,b'@Sukarelawan1M @NgaKorMing @Hanafiah67 @JamianMariam @Dean24924388 @manora6383 @faththebee @skytulip2 @En_Blue_Bird\xe2\x80\xa6 https://t.co/Mi0CAb6LFb',Sukarelawan1M
11172,2021-04-10 19:05:23,NavjeevanExp,b'@MoHFW_INDIA @RAKRI1 @DoHFWTN @TNDPHPM @pibchennai @srkias2012 @TNDME1 TNGOVDIPR @drharshvardhan @doctorsoumya\xe2\x80\xa6 https://t.co/oQTxNIek8t',MoHFW_INDIA
11256,2021-04-10 18:43:40,nitish_ranjan,b'Padh @drkafeelkhan \n\nhttps://t.co/eBec9yNGyh',nitish_ranjan
11265,2021-04-10 18:41:09,KrothZulor,b'@FwBlacki @Andreas25154614 @AlexJungbluth Nunja....https://t.co/r0AO2G130f',FwBlacki
11271,2021-04-10 18:38:09,FreedomIsrael_,b'@cigmund1 USA: https://t.co/Gi7YHpLJgD\n\nUK: https://t.co/mfslajCwfq https://t.co/Gx2EsNjCVX',cigmund1
11314,2021-04-10 18:29:01,sirajapadoha,b'@Cintada16 Arab Saudi BERI IZIN UMRAH bagi Orang yang Sudah Vaksinasi COVID-19. \n\nhttps://t.co/1ZvygQqXKX\n\nBagi yg\xe2\x80\xa6 https://t.co/31u1OxuWbW',Cintada16
11389,2021-04-10 18:15:39,drnewstwit,"b'@KemenkesRI Ayo, sama-sama berusaha mengatasi COVID-19 \n\nKita Pasti Bisa!\n\n\xf0\x9f\x92\xaa\xf0\x9f\x98\x8a\n\nhttps://t.co/ssKBQD3rDn'",KemenkesRI
11396,2021-04-10 18:14:25,Algusti_,"b'@txtdarilaptop_ Temen temen, saya mahasiswa di turki. Nih ada video tentang Event terbesar di dunia yang diselengga\xe2\x80\xa6 https://t.co/cktSDXsL71'",txtdarilaptop_
11406,2021-04-10 18:12:20,OrangKoslet,b'@BossTemlen @syarifuddin789 Covid-19 jadi kambing hitam ekonomi. Pdhl sebelum Covid juga ekonomi udah nyungsep.',BossTemlen
11435,2021-04-10 18:06:56,cacamarica0117,b'@prastow Pak saya mau tanya apa benar krn covid-19 ini ada peraturan @pln_123 dilarang untuk melayani rakyat untuk\xe2\x80\xa6 https://t.co/MePRSqDQkD',prastow
11448,2021-04-10 18:03:28,OpoyaFrancis,b'@diana64710426 @BuhariKalema Covid-19 omumanyi \xf0\x9f\xa5\xba',diana64710426
11472,2021-04-10 18:00:42,aaravmina3,b'@amlendransui @Neerajkundan @nsui @ABVPVoice Kya ab covid-19 cashes nhai hai kya',amlendransui
11505,2021-04-10 17:55:58,MissNom_1,"b'@Wandisa_L Futhi uNkulunkulu kuphela oyopholisa inhliziyo yam. Covid 19 took 2 of my loved ones. Till today, angimukeli... God...'",Wandisa_L
11509,2021-04-10 17:54:56,MNtoja,b'@TumainiMakole @FestoNgadaya @BongeLaAfya @bajabiri @tzDiscovery @DrMabula Daaah kupima tenaaaa. Mungu atatulinda k\xe2\x80\xa6 https://t.co/pBfmqYhe3j',TumainiMakole
11583,2021-04-10 17:43:04,AnsulSi90820386,b'@ChouhanShivraj Dear sir damoh me nhi bad raha kiya covid 19',ChouhanShivraj
11643,2021-04-10 17:32:24,Algusti_,"b'@Bisniscom Temen temen, saya mahasiswa di turki. Nih ada video tentang Event terbesar di dunia yang diselenggarakan\xe2\x80\xa6 https://t.co/rCMKo0s0Ge'",Bisniscom
11651,2021-04-10 17:31:53,Algusti_,"b'@tvindonesiawkwk Temen temen, saya mahasiswa di turki. Nih ada video tentang Event terbesar di dunia yang diselengg\xe2\x80\xa6 https://t.co/MAQX05bd6n'",tvindonesiawkwk
11657,2021-04-10 17:31:35,Algusti_,"b'@BisnisId_Malang Temen temen, saya mahasiswa di turki. Nih ada video tentang Event terbesar di dunia yang diselengg\xe2\x80\xa6 https://t.co/ioI0BUfJk1'",BisnisId_Malang
11677,2021-04-10 17:29:15,Algusti_,"b'@txtdariquora_id Temen temen, saya mahasiswa di turki. Nih ada video tentang Event terbesar di dunia yang diselengg\xe2\x80\xa6 https://t.co/F0VP3omBQy'",txtdariquora_id
11684,2021-04-10 17:28:09,Algusti_,"b'@hatihatiditwt Temen temen, saya mahasiswa di turki. Nih ada video tentang Event terbesar di dunia yang diselenggar\xe2\x80\xa6 https://t.co/mQyYQ4Ku8R'",hatihatiditwt
11746,2021-04-10 17:20:11,KaranrajTomar,b'@CMOfficeUP @myogiadityanath 48 hr baad bhi meri report ni ayi h yeh haal h kanpur sarkari gsvm covid 19 ki report and test ka.',CMOfficeUP
11787,2021-04-10 17:15:41,belopa_info,"b""Dalam rangka pengawasan dan tertibnya penegakan protokol kesehatan, kata dia, agar pihak pengurus (ta'mir masjid) m\xe2\x80\xa6 https://t.co/IYAz3Ik8Z8""",belopa_info
11799,2021-04-10 17:13:43,belopa_info,b'Ia pun meminta Bupati/Wali Kota se Sulsel menginstruksikan Satgas Covid-19 serta seluruh jajaran terdepan sampai de\xe2\x80\xa6 https://t.co/uhAbowyV1U',belopa_info
11806,2021-04-10 17:12:52,gokulavanee,b'@KKMPutrajaya @DrAdhamBaba No one:\nAbsolutely no one:\nAir Suam: derma darah 50x untuk vaksin covid-19 https://t.co/vxeeK9YhT4',KKMPutrajaya
11826,2021-04-10 17:10:48,belopa_info,"b'""Untuk acara pengajian dan Amaliyah Ramadan lainnya dapat dilakukan setelah mendapatkan rekomendasi dari Satgas Cov\xe2\x80\xa6 https://t.co/35suxU0JMa'",belopa_info
11831,2021-04-10 17:10:13,belopa_info,"b'Bagi penceramah dari luar lingkungan masjid, kata dia, agar bisa dipastikan penceramah tersebut telah mendapatkan v\xe2\x80\xa6 https://t.co/gk8Ol5PGms'",belopa_info
12055,2021-04-10 16:47:59,sutiawan_arif,"b'@Sociopanel1 Sebab pandemi banyak pekerja-pekerja di PHK karena guna mengurangi angka penyebaran covid-19, akibatny\xe2\x80\xa6 https://t.co/Ds2yOJTc2V'",Sociopanel1
12058,2021-04-10 16:47:45,Satpolpp_DIY,"b'Ok yaa sahabat praja, wajib nih peran kita semua, dan tentang Penerapan Disiplin dan Penegakan Prokes sebagai Pence\xe2\x80\xa6 https://t.co/tMenAQ5Wy5'",Satpolpp_DIY
12074,2021-04-10 16:46:37,syb_belawan,"b'Masker, sabun mandi, dan minyak kayu putih kepada masyarakat Belawan, buruh/pekerja di pelabuhan. Kegiatan ini dila\xe2\x80\xa6 https://t.co/pC5snlVxsZ'",syb_belawan
12075,2021-04-10 16:46:37,syb_belawan,"b'sekitaran pelabuhan dalam menerapkan pola hidup\xc2\xa0 bersih. \n\nBelawan 9 April 2021, dipimpin oleh ketua Dharma Wanita\xe2\x80\xa6 https://t.co/LnN0QXMhRz'",syb_belawan
12184,2021-04-10 16:34:46,tabille_roule,b'@FlatBrainCorp @graindesable__ @arikouts Eh ben...si.\nhttps://t.co/yvvLOAadaW',FlatBrainCorp
12226,2021-04-10 16:32:17,wanyusri16,b'Saya anti-vaksin? Nope.\n\nCovid-19 benar? Ya benar ada.\n\nAdakah ada sesuatu kebohongan besar yang sedang dirancang d\xe2\x80\xa6 https://t.co/FpkQc8gQVV',wanyusri16
12385,2021-04-10 16:21:21,Marliana_vtsr,"b'covid-19 bukan impian lah,  walaupun kesmas lg banyak dibutuhkan terutama pas awal-awal pandemi,  justru aku merasa\xe2\x80\xa6 https://t.co/vSEbmmYu2i'",Marliana_vtsr
12563,2021-04-10 16:09:23,piyopikavet,"b'Hingga taun lalu di Wuhan, segala hewan dijual dikonsumsi di satu lokasi pasar yg buat kehidupan sehari-hari ampe j\xe2\x80\xa6 https://t.co/4r8UOoAoxQ'",piyopikavet
12594,2021-04-10 16:07:18,sigitwid,b'Ketiadaan perangkat merupakan salah satu masalah terbesar penerapan Pembelajaran Jarak Jauh selama Pandemi Covid-19\xe2\x80\xa6 https://t.co/zu9tJs3xoA',sigitwid
12678,2021-04-10 16:01:24,avemaria681gma1,b'@Annemwiza Abageni benshi barakererwa kubera kwambara iriya kanzu none ngobayambariye hariya ikibazo kiri hano niki\xe2\x80\xa6 https://t.co/W1h9cOvuzy',Annemwiza
12682,2021-04-10 16:00:53,ShopeeCare,b'@cottonkendyyyyy Hi kak maaf udah buat gak nyaman. terkait limit SPayLater Rp0 dikarenakan penyesuaian limit karena\xe2\x80\xa6 https://t.co/7BZsCK77hQ',cottonkendyyyyy
12766,2021-04-10 15:55:14,piyopikavet,"b'Ada juga TBC, yg sama COVID-19 denial selalu dijual kalo ini lebih ganas.\nPenyakit ini bikin radang paru-paru sampe\xe2\x80\xa6 https://t.co/1DVGPyJpaJ'",piyopikavet
12804,2021-04-10 15:52:05,KAI121,"b'@ursweetesthello Selamat malam Kak. Mohon maaf, saat ini belum tersedia layanan GeNose C19 di Stasiun Maos. Alterna\xe2\x80\xa6 https://t.co/MQEbQW0HRU'",ursweetesthello
12813,2021-04-10 15:51:17,acolorfulmess_,"b'@nejoux Wkwkwk masih aman temen lu? Hahaha\n\nGue terakhir sih kena phk, alasanya karena covid 19 padahal keknya dendam \xf0\x9f\xa4\xa3\xf0\x9f\x98\xad'",nejoux
12976,2021-04-10 15:41:46,MasCheckBalance,"b'@azwaamirza @shmslhzq @zed_hafizuddin Thats why, ini special case. Brp org pun yg dah derma lebih 50 kali? Tak rama\xe2\x80\xa6 https://t.co/Xg1ZmOacUr'",azwaamirza
13020,2021-04-10 15:39:30,latarterkemban4,"b'@SridianaEva Setuju,.. Masak COVID-19 di ajak Goyang Ubur-ubur. Ya ngamuk Covidnya, karena tidak merasa di hargai k\xe2\x80\xa6 https://t.co/oo3ni9tbPg'",SridianaEva
13069,2021-04-10 15:37:01,bandungpemkab,"b'Tingkatkan kewaspadaan kita, mari bersama disiplin patuhi protokol kesehatan, semoga pandemi Covid-19 ini bisa segera berlalu.'",bandungpemkab
13098,2021-04-10 15:35:15,laechasetta,b'@Heni_indomy01 Kontennya bnyak bngt .Ramadhan ini penuh warna meski kdang masih sedih coz covid-19 GK klar2',Heni_indomy01
13107,2021-04-10 15:34:27,PDI_Perjuangan,"b'Selain untuk percepatan insfrastruktur, dalam pertemuan tersebut dukungan agar Solo menjadi kota paling cepat dalam\xe2\x80\xa6 https://t.co/MgTYWdEIGW'",PDI_Perjuangan
13116,2021-04-10 15:33:47,arnold5508,b'@BNPB_Indonesia Perkembangan penanganan Pandemi COVID-19 Indonesia dan sebaran kasus berdasarkan provinsi status 10\xe2\x80\xa6 https://t.co/263f6aebHp',BNPB_Indonesia
13133,2021-04-10 15:32:27,kangfik22,b'@Anonymous_2024 Mari kita saksikan apakah di NTT tdk ada covid-19? Apa sdh pada kebal atau gmn?',Anonymous_2024
13166,2021-04-10 15:30:07,JaPenWPKL,b'Edaran :\n\xe2\x96\xb6\xef\xb8\x8f Borang Pendaftaran Vaksinasi COVID-19/Pendaftaran Melalui MySejahtera \n\xe2\x96\xb6\xef\xb8\x8f Pelitup muka\n\xe2\x96\xb6\xef\xb8\x8f Cecair pembas\xe2\x80\xa6 https://t.co/MIpb99kLYJ',JaPenWPKL
13220,2021-04-10 15:27:04,JaPenWPKL,b'\xf0\x9f\x94\xb6 Jalan Jambu Golok\n\nFokus Penyampaian Maklumat :\n\xf0\x9f\x93\x8c Kaunter Bergerak Pendaftaran Vaksin COVID-19 \n\xf0\x9f\x93\x8c Pelanjutan Temp\xe2\x80\xa6 https://t.co/YyGW412iDA',JaPenWPKL
13338,2021-04-10 15:19:55,AzizahKamila8,"b'Pahami aturannya, bantu pemerintah mengakhiri pandemi Covid-19 https://t.co/WEeSZsZsxp'",AzizahKamila8
13341,2021-04-10 15:19:45,JaPenWPKL,b'\xf0\x9f\x94\xb6 Batu 5\n\nFokus Penyampaian Maklumat :\n\xf0\x9f\x93\x8c Kaunter Bergerak Pendaftaran Vaksin COVID-19 \n\xf0\x9f\x93\x8c Program Imunisasi COVID-19\xe2\x80\xa6 https://t.co/2Rh7boQvYD',JaPenWPKL
13351,2021-04-10 15:19:08,officialpakwan,b'bapa bagi menyediakan pembelajaran persekolahan ketika negara sedang bergelut dengan pandemik COVID-19.\n\nGolongan-g\xe2\x80\xa6 https://t.co/67vW9k1NAx',officialpakwan
13406,2021-04-10 15:15:36,LogicalBhartiy2,b'@PTI_News @ECISVEEP jab sab gud-gobar kar diya tab keh rahe hain ki covid-19 protocol observe karo..#bjpkaEC',PTI_News
13451,2021-04-10 15:13:29,PDI_Perjuangan,"b'Anggota Fraksi PDI Perjuangan DPRD Sulut ini, hanya mengambil aspirasi dari aparat desa lewat Hukum tua karena masi\xe2\x80\xa6 https://t.co/niqLcKFqiQ'",PDI_Perjuangan
13454,2021-04-10 15:13:25,Kiwami2Lover,b'@xXNagito_fanXx covid-19\ndanganronpa',xXNagito_fanXx
13455,2021-04-10 15:13:21,lambedigdoyo,"b'@kh_notodiputro Heh...heh...\nBentar lagi eyang juga dpt, kayaknya.\nTgl 21 April, di hari yg istimewa buat bangsa, j\xe2\x80\xa6 https://t.co/tfafPQ514p'",kh_notodiputro
13570,2021-04-10 15:07:07,KAI121,b'@Aguzjack93 Selamat malam. Sesuai dengan SE Kemenhub No. 27 Tahun 2021 dan Surat Edaran Satuan Tugas Penanganan Cov\xe2\x80\xa6 https://t.co/isa1DJFwfI',Aguzjack93
13664,2021-04-10 15:02:06,PDI_Perjuangan,b'bahwa bantuan tersebut diberikan sebagai rasa empati PDI Perjuangan kepada masyarakat saat ini sedang terdampak pan\xe2\x80\xa6 https://t.co/UjtdoldNjB',PDI_Perjuangan
13713,2021-04-10 14:58:34,vanshsinghania7,b'@Salmairam @khangirl_123 Yeh allah fallah bhagwan shagwan koi ni aane wala..sirf doctor bachayega allah fallah ni b\xe2\x80\xa6 https://t.co/HMiIzkMbD8',Salmairam
13828,2021-04-10 14:50:49,vickydhaliwal33,b'COVID-19 karn bhut mundea di bhrti to umr lngh gai ohna mundea da ki kasoor aa ohna lai crona karn jina tym bhrti l\xe2\x80\xa6 https://t.co/PVGfxILm0R',vickydhaliwal33
13832,2021-04-10 14:50:41,GGELLY2,"b'@SantorinisSun Mendingan di bubarkan saja dr pada makan gaji buta,uang gajinya bsa di bagi""kan ke rakyat yg terdampak covid-19.'",SantorinisSun
13846,2021-04-10 14:49:56,alrosad_fadel,b'@SridianaEva Berati bagus dong kan targetnya Agustus... Ini baru bulan apa udah bebas https://t.co/MscsWEPDZj',SridianaEva
13864,2021-04-10 14:48:53,adiyatnika,"b'@drpriono1 @fkmui pak ijin bertanya, sejauh mana ketahanan tubuh kita setelah divaksin 2x terhadap varian covid-19\xe2\x80\xa6 https://t.co/4dFh9O2blp'",drpriono1
13927,2021-04-10 14:44:19,KemboOkumu,b'@kigogo2014 Natamani na nategemea Mhe. Mbowe kesho aongelee;\n1. Ripoti ya CAG na hatua zilizochukuliwa/zinazopaswa\xe2\x80\xa6 https://t.co/DOsAbnAUq8',kigogo2014
13954,2021-04-10 14:42:02,sabstopy,b'@Mfundoyakhe_S Covid-19 iyoshiya imizi ivalwe ngehlahla \xf0\x9f\x8c\xbf',Mfundoyakhe_S
14012,2021-04-10 14:38:07,am_syaham,b'@azmanrocks Aminn. Harap macam tu jugak. Kesedaran covid-19 ni dah tak sama macam masa awal awal PKP tahun lepas tu dah. Kita dah terleka. \xf0\x9f\x98\x94',azmanrocks
14018,2021-04-10 14:37:49,AchuNadia,b'Hong Kong pula adalah negara pertama di dunia yang merekodkan gelombang ke - 4 COVID-19. \n\nAntara perkara yang meri\xe2\x80\xa6 https://t.co/wQJxeRysB3',AchuNadia
14031,2021-04-10 14:36:59,akartiasa,b'@EdiMahaMG @PutraWadapi Apakah Covid-19 bisa bedain Mana lawan POLITIK?',EdiMahaMG
14043,2021-04-10 14:36:06,jose_asep,"b'@SridianaEva Pulau Adonara, Kabupaten Flores Timur. Tepatnya di di Desa Nelelamadikde, Kecamatan Ile Boleng Nusa Te\xe2\x80\xa6 https://t.co/FxGUE6xlwu'",SridianaEva
14045,2021-04-10 14:35:50,polarpakpahan,b'@Citi @BloombergTV Bapak Ceo citi terhormat mauya bantu Indonesia lagi Krisis ekonomi di tengah pandemi covid 19 da\xe2\x80\xa6 https://t.co/vVrU4Wslw7',Citi
14067,2021-04-10 14:35:10,kal_wukirsari,"b'Mari putus rantai penyebaran Covid-19 dengan cara tetap memakai masker, mencuci tangan dengan sabun, menjaga jarak,\xe2\x80\xa6 https://t.co/UR4pGLJxkL'",kal_wukirsari
14073,2021-04-10 14:34:43,AchuNadia,"b'Sepanyol pula pada Mac 2021 yang lalu turut mencatatkan peningkatan mendadak dalam kadar kematian akibat COVID-19,\xe2\x80\xa6 https://t.co/ueNlZqvBle'",AchuNadia
14074,2021-04-10 14:34:36,cndrcndr,b'Gw juga nggak mempermasalahkan semisal keputusan gw untuk menolak ajakan berenangnya karena gw mau mengantisipasi p\xe2\x80\xa6 https://t.co/VJXZbY7Sxx',cndrcndr
14078,2021-04-10 14:34:19,Mat_Erk,b'@DGHisham @DrAhmadSamsuri Dah2 lah tu Dr...masyarakat dah makin lama makin bosan dgn covid-19..kalau awl2 dulu yer\xe2\x80\xa6 https://t.co/6Zy1kb2rd3',DGHisham
14082,2021-04-10 14:33:43,polarpakpahan,b'@LloydsBank Bapak Ceo llyods bank terhormat mauya bantu Indonesia lagi Krisis ekonomi di tengah pandemi covid 19 da\xe2\x80\xa6 https://t.co/113ltk1GuB',LloydsBank
14127,2021-04-10 14:31:17,HasriTam,"b'@aisyahalwi Title tak boleh cari makan..kos hidup makin melambung. Tp bagi aq, musim Covid-19 ni, better scure job\xe2\x80\xa6 https://t.co/yprYIveGVa'",aisyahalwi
14256,2021-04-10 14:23:04,AdeBohel6,"b'@muhammadiyah Maaf pak.,yakinkah yg mudik itu positif COVID.,klo kelelah Krn prjlnn mudik yg jauh n macet.,lalu d t\xe2\x80\xa6 https://t.co/Cxw1g1CyXQ'",muhammadiyah
14324,2021-04-10 14:18:15,IkhwanJihadis05,b'AYO TONTON &amp; SIMAK 3 EKSEPSI :\n\n1. KASUS KERUMUNAN MAULID NABI SAW DI PETAMBURAN :\n\nKlik : https://t.co/1jylpjMYok\xe2\x80\xa6 https://t.co/tMUikEFSVq',IkhwanJihadis05
14333,2021-04-10 14:17:03,kominfomagelang,"b'Jangan lupa tetap terapkan protokol kesehatan, apapun keadaanmu. Mari kita minimalisir penyebaran Covid19.\n\n\xf0\x9f\x8c\x90\xe2\x80\xa6 https://t.co/nF6TwpLHU4'",kominfomagelang
14350,2021-04-10 14:15:32,SpieltagIndo,"b'@gugumgumii Iya, belum nyambung sama skema Nagelsmann kayanya. Kemarin juga sempet lama kena covid-19 kan'",gugumgumii
14364,2021-04-10 14:14:44,Paltiwest,b'Dalam restrukturisasi kredit terdampak covid 19 juga didominasi oleh UMKM..\n\nBank Mandiri telah melakukan restruktu\xe2\x80\xa6 https://t.co/uA2oGzgtl4',Paltiwest
14398,2021-04-10 14:11:38,Gaurav_Singh27,b'@srinivasiyc @ECISVEEP Ab Covid 19 khatam ! \xf0\x9f\x99\x88 Jumla hai sab !! \xf0\x9f\x98\x8b',srinivasiyc
14405,2021-04-10 14:11:24,kpmunpad,b'Kami ucapkan terima kasih yang sebesar-besarnya kepada seluruh pihak yang telah memberikan donasi yang akan disalur\xe2\x80\xa6 https://t.co/GnaG1Qe4nw',kpmunpad
14417,2021-04-10 14:10:21,Algusti_,"b'@hatihatiditwt Temen temen, saya mahasiswa di turki. Nih ada video tentang Event terbesar di dunia yang diselenggar\xe2\x80\xa6 https://t.co/YrfCovGrxq'",hatihatiditwt
14443,2021-04-10 14:07:17,Algusti_,"b'@TokoinIndonesia Temen temen, saya mahasiswa di turki. ini adalah video tentang event terbesar didunia yang diselen\xe2\x80\xa6 https://t.co/JqUB8QXvWo'",TokoinIndonesia
14481,2021-04-10 14:05:24,humas_jogja,b'Terdapat pula tabel penambahan per hari serta tabel perkembangan data PDP Covid-19 sejak 07 - 10 April 2021 https://t.co/KQ2zXFuQVA',humas_jogja
14482,2021-04-10 14:05:23,humas_jogja,b'Penyajian data ini menyesuaikan dengan Buku Pedoman Penanganan COVID-19 Jilid ke-5 dari Kementerian Kesehatan RI\n__\xe2\x80\xa6 https://t.co/8GhWgTCTq5',humas_jogja
14483,2021-04-10 14:05:20,humas_jogja,"b'Pada Sabtu (10/04), disampaikan bahwa persentase kesembuhan (tingkat kesembuhan) pasien COVID-19 adalah sebesar 83,\xe2\x80\xa6 https://t.co/YA33EfHf8j'",humas_jogja
14484,2021-04-10 14:05:19,humas_jogja,b'Rincian riwayat sementara kasus terkonfirmasi Covid - 19 sebagai berikut :\n1.Periksa mandiri : 32 kasus\n2.Tracing k\xe2\x80\xa6 https://t.co/0YDaCyKW6N',humas_jogja
14485,2021-04-10 14:05:18,humas_jogja,"b'Per Sabtu (10/04), terdapat penambahan 7 pasien positif COVID-19 yang meninggal dunia:\n1.Kasus 31.132 : Perempuan,\xe2\x80\xa6 https://t.co/3BfRuNG36W'",humas_jogja
14487,2021-04-10 14:05:17,humas_jogja,b'Dari total jumlah 37.604 tersebut menunjukkan:\na. Total akumulasi jumlah pasien positif terkonfirmasi COVID-19 adal\xe2\x80\xa6 https://t.co/YlRsc6VrP5',humas_jogja
14500,2021-04-10 14:04:38,himalkomunri,"b'Setelah diadakannya kegiatan kunjungan lembaga HIMALKOM ke HIMASI ini, diharapkan kita bisa membangun relasi dari p\xe2\x80\xa6 https://t.co/P7pFY81m9S'",himalkomunri
14526,2021-04-10 14:02:43,PDI_Perjuangan,"b'Ketua Panitia Gowes Deddy Sitorus menambahkan, acara ini berlangsung dengan protokol kesehatan Covid-19 yang ketat.\xe2\x80\xa6 https://t.co/zVj5v9MVFH'",PDI_Perjuangan
14559,2021-04-10 13:59:54,tsarina_m,b'@patrick_lapar Izin keterangannya mbak. Apakah sosialisasi pemerintah soal vaksin Covid-19 artinya masih kurang baik?',patrick_lapar
14566,2021-04-10 13:59:33,Dwi44576948,"b'@SridianaEva Di Indonesia , covid-19 obatnya Mukidi'",SridianaEva
14647,2021-04-10 13:53:36,Onyong_Marko,b'3. KASUS SWAB TEST COVID-19 DI RUMAH SAKIT UMMI - BOGOR :\n\nKlik : https://t.co/pxTrnqqZ9r\xe2\x80\xa6 https://t.co/bvFygtDyfE',Onyong_Marko
14677,2021-04-10 13:52:17,IwinHidayat,b'@HasanZulfahmi @halimiskandarnu @imansyukri @malik_haramain @taufikmadjid71 @rosyidah @yusradaridesa\xe2\x80\xa6 https://t.co/atyIMybPnj',HasanZulfahmi
14686,2021-04-10 13:51:54,JaPenWPKL,b'\xf0\x9f\x93\x8c Pelanjutan Tempoh Pelaksanaan Perintah Kawalan Pergerakan Bersyarat (PKPB) di Wilayah Persekutuan Kuala Lumpur \n\xf0\x9f\x93\x8c\xe2\x80\xa6 https://t.co/wpVJAUxQis',JaPenWPKL
14690,2021-04-10 13:51:33,torangkarlota,b'Pelaksanaan vaksinasi ini juga merupakan wujud komitmen PLN mendukung upaya pemerintah dalam penanggulangan COVID-1\xe2\x80\xa6 https://t.co/yzxxRdQB0H',torangkarlota
14710,2021-04-10 13:50:21,WPa5nan,b'@zarazettirazr @naza_abu Knp mnjadi spt tmbh memberikan beban kpd masyarakat Indonesia yg sbagian besar menderita k\xe2\x80\xa6 https://t.co/q6DjDITS1D',zarazettirazr
14725,2021-04-10 13:49:06,NKayesu,b'@Guillauu Kuraza abantu muri stade bituma bumva ububabare bwo kurara bicwa  mbeho bityo ntibongere kwica amabwiriza yo kwirinda COVID 19',Guillauu
14738,2021-04-10 13:48:11,plnup3sofifi,b'Pelaksanaan vaksinasi ini juga merupakan wujud komitmen PLN mendukung upaya pemerintah dalam penanggulangan COVID-1\xe2\x80\xa6 https://t.co/VDLuVuPXI4',plnup3sofifi
14768,2021-04-10 13:46:17,kemiri,b'tingkat kematian pada lansia akibat covid-19 bisa sampai 50% \n\nvaksinasi bisa mencegah kemungkinan terburuk terjadi\xe2\x80\xa6 https://t.co/uHBbVsSr1b',kemiri
14774,2021-04-10 13:45:27,afrkml,"b'Dia terinfeksi covid-19 pada Mei 2020, lalu sembuh dan terinfeksi lagi pada bulan Oktober setelahnya. Rupanya, ia t\xe2\x80\xa6 https://t.co/EuLcCwELKH'",afrkml
14775,2021-04-10 13:45:24,sofifiterang,b'Pelaksanaan vaksinasi ini juga merupakan wujud komitmen PLN mendukung upaya pemerintah dalam penanggulangan COVID-1\xe2\x80\xa6 https://t.co/6rYIVfEn7M',sofifiterang
14801,2021-04-10 13:43:39,JapenSabah,b'\xe2\x9e\xa1\xef\xb8\x8f Hebahan Unit Promosi Kesihatan \n\xe2\x9e\xa1\xef\xb8\x8f Rondaan Agen Basmi COVID-19 (ABC) Dan Pemantauan Pematuhan SOP\n\nSumber: Kenya\xe2\x80\xa6 https://t.co/QIwOHk30Cn',JapenSabah
14835,2021-04-10 13:41:54,Paltiwest,"b'Menurut dia, selain indikator ekonomi, penambahan kasus positif harian Covid-19 yang terus menurun dan vaksinasi Co\xe2\x80\xa6 https://t.co/FZRbLlja84'",Paltiwest
14874,2021-04-10 13:38:40,Kiyai_MarufAmin,"b'Begitu juga kenapa pemerintah melarang mudik. Itu karena pengalaman tahun lalu, terjadi peningkatan (penularan) Cov\xe2\x80\xa6 https://t.co/ypXgCXXG1d'",Kiyai_MarufAmin
14877,2021-04-10 13:38:39,Kiyai_MarufAmin,"b'Saya tegaskan bahwa ibadah berjamaah di masjid, seperti salat tarawih dan tadarus itu hukumnya sunnah, sedangkan me\xe2\x80\xa6 https://t.co/LZfDT0w6d5'",Kiyai_MarufAmin
14902,2021-04-10 13:36:20,Sitiani47860771,"b'@kapanpulang_teh Assalamualaikum kak, ? Perkenalkan saya Nisa dari HDI indonesia.  Perusahaan kami bergerak dibidan\xe2\x80\xa6 https://t.co/S8hxswmYyU'",kapanpulang_teh
14903,2021-04-10 13:36:14,Bandung_Dinkes,b'@Bandung_Dinkes bersama Panitia Penyelenggaraan Ibadah Haji (PPIH) Kota Bandung menyelenggarakan Vaksinasi Covid-19\xe2\x80\xa6 https://t.co/yPTKmq1v6b',Bandung_Dinkes
14932,2021-04-10 13:33:22,dishubsurakarta,b'memberikan himbauan kepada para petugas parkir untuk senantiasa tertib dan mematuhi selalu Protokol kesehatan sebag\xe2\x80\xa6 https://t.co/NnCxwoWXC6',dishubsurakarta
14942,2021-04-10 13:32:26,lawancovid19_id,"b'3. Cek dan buktikan hoaks terkait COVID-19, kunjungi https://t.co/U0IVF5VDYz\n\nUntuk informasi terkait COVID-19 kunj\xe2\x80\xa6 https://t.co/tqlUuOMbO9'",lawancovid19_id
14955,2021-04-10 13:31:26,JaPenWPKL,b'\xf0\x9f\x94\xb6 Jalan Seri Rejang 3\n\xf0\x9f\x94\xb6 Jalan Seri Rejang 4\n\xf0\x9f\x94\xb6 Jalan Seri Rejang 5\n\xf0\x9f\x94\xb6 Medan Selera D\xe2\x80\x99Tasik\n\xf0\x9f\x94\xb6 Kawasan Perumahan Setapa\xe2\x80\xa6 https://t.co/gqePs9xxKo',JaPenWPKL
14968,2021-04-10 13:30:14,RadioKesehatan,b'Yang direkomendasikan diberikan vaksin COVID-19 adalah pasien TB yang sudah menjalani pengobatan minimal 2 minggu \xf0\x9f\x98\x89\xf0\x9f\x91\x8d',RadioKesehatan
14973,2021-04-10 13:29:52,RadioKesehatan,"b'Melihat kondisi pasien TB yg jika terinfeksi COVID-19 akan mengalami gejala yg berat, sehingga pemberian vaksin COV\xe2\x80\xa6 https://t.co/L2tFtRQHjs'",RadioKesehatan
15056,2021-04-10 13:23:55,babywinvc,b'@anthologybw Mereka yg muncul pada saat gue beneran burn out krna tiba\xc2\xb2 banget gabisa kemana2 krna covid 19 tahun l\xe2\x80\xa6 https://t.co/4NVPnPzgcj',anthologybw
15071,2021-04-10 13:22:37,bemfebunsoed,b'Dana yang terkumpul nantinya akan dipergunakan untuk dibelikan kebutuhan pangan yang akan diberikan kepada masyarak\xe2\x80\xa6 https://t.co/MWNO0ZfzuB',bemfebunsoed
15079,2021-04-10 13:22:05,KawalCOVID19,b'Jumlah orang yg telah menerima vaksin Covid-19 di Indonesia per 10 Apr 2021.\n\n- Dosis pertama: 10.002.901 (+193.430\xe2\x80\xa6 https://t.co/M9FQUtcgGK',KawalCOVID19
15091,2021-04-10 13:20:48,Bahati68118856,"b'@Sylvainseminan3 @IGIHE Kurongorwa bakubwiye kobisobanura kwica amategeko c!!?Covid-19 ntitinya agatimba Sha,rekeraho ,!!'",Sylvainseminan3
15095,2021-04-10 13:20:13,Rahulku91899849,b'@CeoNoida\nDear mam\nNoida metro me hamari joining BECIL ke through 26/03/2020 ko honi thi but covid-19 pandemic ke k\xe2\x80\xa6 https://t.co/2RT7h5rhzV',CeoNoida
15154,2021-04-10 13:14:49,rezakaisar3,"b'@kngrhn Indonesia akan relatif aman untuk warga yang mau mudik Lebaran, Natal dan Tahun Baru jika 50-70 persen pend\xe2\x80\xa6 https://t.co/EjyzalGxEZ'",kngrhn
15194,2021-04-10 13:11:46,pemoedja_oeang,b'@suryahamijaya @yudhimanutd21 Konspirasi covid-19 menyebar lewat 5g?\nKonspirasi pisang mengandung virus ebola?',suryahamijaya
15213,2021-04-10 13:10:32,RrgDevino,b'@Datu_010 Ataw Covid-19 berlaku hanya untu ulama',Datu_010
15232,2021-04-10 13:08:38,rezakaisar3,b'@seungho58 @Haeroom Jepang akan relatif aman untuk menggelar acara musik dan olahraga jika 62-88 juta penduduk Jepa\xe2\x80\xa6 https://t.co/YP0XIOF7Z4',rezakaisar3
15247,2021-04-10 13:06:40,ishaq_paaha,"b'@Imroh07 @Sakina_Qureshi_ Aapne shaheen bhag bahdur betiyo ki taween ki,mafi maango,rshi baat CAA,NRC movement humn\xe2\x80\xa6 https://t.co/yJ7LZjCtfg'",Imroh07
15256,2021-04-10 13:05:34,plnntb,"b'dan Bima (Museum Asi Mbojo). Seluruh kegiatan tetap mengacu pada protokol kesehatan Covid-19. Diharapkan, masyaraka\xe2\x80\xa6 https://t.co/zavUJbJiP6'",plnntb
15268,2021-04-10 13:04:11,jonkortajarain,"b'@arythcs reaksi berantai polimerase, alat tes covid-19 wkwk'",arythcs
15295,2021-04-10 13:01:13,Mudhofa69208680,b'@detikcom Sama sekali tidak setuju..peraturan yg konyol..memalukan mudik di larang dengan alasan pandemik Covid 19',detikcom
15314,2021-04-10 13:00:01,AhmadZulfakar_,b'@KKusumawardani @PNS_Ababil bukan awal pandemi kok tapi dari akhir tahun 2020 triggernya karena ada penumpang batik\xe2\x80\xa6 https://t.co/qsRUqUH58i',KKusumawardani
15331,2021-04-10 12:58:22,Almondcoral,"b'@tq3illl apakah ada dampak pandemi covid 19 ini terhadap bisnis galon, gas, beras, dan lain2nya tuy? kalau ada, bag\xe2\x80\xa6 https://t.co/kgTB1bnNMq'",tq3illl
15336,2021-04-10 12:57:57,Farmuf2605,b'Dan beberapa minggu kemudian meninggal karena komorbid yang dialami.\n\nCuma pengen bilang Hati-hati dan jaga kesehat\xe2\x80\xa6 https://t.co/ojgIrXBAMe',Farmuf2605
15381,2021-04-10 12:53:06,JaPenWPKL,b'\xf0\x9f\x93\x8c Proklamasi Darurat \n\xf0\x9f\x93\x8c Kempen Putuskan Rantaian COVID-19 \n\xf0\x9f\x93\x8c Operasi Benteng - National Task Force (NTF)\n\xf0\x9f\x93\x8c Banci 20\xe2\x80\xa6 https://t.co/nANvUeQ37a',JaPenWPKL
15404,2021-04-10 12:51:22,JaPenWPKL,b'\xf0\x9f\x94\xb6 Lorong Tiong Nam 1\n\xf0\x9f\x94\xb6 Lorong Tiong Nam 2\n\xf0\x9f\x94\xb6 Lorong Tiong Nam 3\n\xf0\x9f\x94\xb6 Lorong Tiong Nam 4\n\nFokus Penyampaian Maklumat :\n\xf0\x9f\x93\x8c\xe2\x80\xa6 https://t.co/Gn9DneKI8l',JaPenWPKL
15422,2021-04-10 12:49:54,polsekdringu,b'@HumasPoldaJatim Ikuti anjuran Pemerintah agar terhindar dari Covid-19\xf0\x9f\x99\x8f',HumasPoldaJatim
15429,2021-04-10 12:49:00,mecobalaminee,"b'@cox3ATP Pasien gua AF RVR Stemi anterior extensif + ALO + Pneumonia covid 19 :"")\nSetuju rawat iso udh swab (+) terus dibawa pulang paksa'",cox3ATP
15443,2021-04-10 12:47:45,keretaapikita,b'Layanan healthy kit ini menyesuaikan dengan SE No. 12/2021 Satgas Penanganan COVID-19 dan SE No. 27/2021 Kementeria\xe2\x80\xa6 https://t.co/MYLXfajHZ0',keretaapikita
15479,2021-04-10 12:43:48,Hendradjaja,b'@RadioElshinta @BNPB_Indonesia Karena apa ya? Covid 19 atau gempa',RadioElshinta
15481,2021-04-10 12:43:46,igoen_anindya,b'@intisari929 @BukanAhliBidang @03__nakula @saveindonesia20 @Separoh_Kumis @DS_yantie @ArinNazila @Ek4_Puspita\xe2\x80\xa6 https://t.co/StwKSguxig',intisari929
15575,2021-04-10 12:37:11,ZulfanE94952246,b'@Maria_Zadina Hati hati dan waspadalah selalu karena dia ada di sekitar kita (covid-19)',Maria_Zadina
15600,2021-04-10 12:35:33,himaelkapens,b'Tema yang diangkat yaitu Aktualisasi Peran Generasi Muda dalam Pengembangan IPTEK dan Sumber Daya untuk Mewujudkan\xe2\x80\xa6 https://t.co/nY5ngMqto7',himaelkapens
15610,2021-04-10 12:34:25,PMIUPM,b'Lebih-lebih lagi kita dikhabarkan bahawa bazar Ramadhan dan solat terawih berjemaah telah dibenarkan beroperasi sep\xe2\x80\xa6 https://t.co/xtaQKufenU',PMIUPM
15625,2021-04-10 12:33:29,hendy_rosandy,b'@TirtoID Pake dana covid 19 &amp; bansos aja yach',TirtoID
15631,2021-04-10 12:32:58,pemkabbantul,b'Informasi selengkapnya terkait update Covid-19 di Kabupaten Bantul dapat disimak melalui https://t.co/4FU0i4C7Zq\n\nS\xe2\x80\xa6 https://t.co/30ZFUVMSn9',pemkabbantul
15633,2021-04-10 12:32:52,pemkabbantul,"b'Mari bersama kita putus rantai penyebaran Covid-19 dengan menerapkan Perilaku Hidup Bersih dan Sehat (PHBS), dengan\xe2\x80\xa6 https://t.co/nxAcVv0Tq2'",pemkabbantul
15634,2021-04-10 12:32:40,pemkabbantul,b'Perkembangan Data Kasus Konfirmasi Covid-19\nKabupaten Bantul \n10 April 2021 https://t.co/1ZELTLHLY9',pemkabbantul
15640,2021-04-10 12:32:01,pemkabbantul,b'- Kasus Konfirmasi Covid-19 bertambah sebanyak 63 orang.\n- Kasus Konfirmasi Covid-19 yang sembuh sebanyak 119 orang\xe2\x80\xa6 https://t.co/FWwBCW5Zon',pemkabbantul
15652,2021-04-10 12:31:07,macan1962,b'@AlbertSolo2 Apakah masih bisa dipercaya Negara produksi vaksin tapi rakyat nya banyak jadi korban Covid - 19',AlbertSolo2
15665,2021-04-10 12:30:05,MOHEOfficial,b'Program tersebut merupakan salah satu usaha yang dijalankan oleh KPT dalam memberi penerangan berkenaan Program Imu\xe2\x80\xa6 https://t.co/FebaU80Qdw',MOHEOfficial
15674,2021-04-10 12:29:39,bedahplastik,"b'@KAI121 mohon informasi dan konfirmasi, berapa lama hasil tes GeNose berlaku? Yang saya baca masa berlaku berbagai\xe2\x80\xa6 https://t.co/LoELbcC0R0'",KAI121
15676,2021-04-10 12:29:30,SureshK94615201,b'@GovindDotasra Ab covid 19 guideline kha gayi\nDotasra sir',GovindDotasra
15684,2021-04-10 12:28:47,Tirta06527289,b'@djokoAdv Itulah virus kadrun yg lbh berbahaya dari covid-19..!!!',djokoAdv
15692,2021-04-10 12:28:31,Lakikumaria,"b'Mazalibwa Kugolokoka Kwa Sitaani Allah Ssekabaka, olwa Butamanya Covid 19 Yakosanyo Bantu Baali Bakaddiyiridde mu m\xe2\x80\xa6 https://t.co/f4XvMHfNpV'",Lakikumaria
15791,2021-04-10 12:21:04,PemkotJogja,"b'Mari bersama lawan COVID-19 dengan menaati peraturan yang berlaku dan selalu terapkan 5M (Menjauhi Kerumunan, Menja\xe2\x80\xa6 https://t.co/FfD2j0c76z'",PemkotJogja
15793,2021-04-10 12:21:01,PemkotJogja,b'Kasus positif Covid-19 di Kota Yogyakarta secara kumulatif per-Sabtu (10/4)\n-Total kasus : 5.611 kasus\n-Total kasus\xe2\x80\xa6 https://t.co/xMAPaPVCEg',PemkotJogja
15839,2021-04-10 12:18:50,optimist236,"b'@detikcom Setuju demi utk kebaikan bersama ,tahan ego kita utk tahun ini spy pandemik bs selesai dan kegiatan bs no\xe2\x80\xa6 https://t.co/97GCA7BJ8t'",detikcom
15848,2021-04-10 12:17:50,hamidrasheed,b'@ChouhanShivraj kya bolte hai Mama?????\n#Covid_19 https://t.co/QbPzzlfPmS',ChouhanShivraj
